prefix,first_revision,last_revision,first_effective_date,removed_at,end_effective_date
02011005,2025_rev_29,2026_rev_10,2025-11-13,NA,NA
02011010,2025_rev_29,2026_rev_10,2025-11-13,NA,NA
02011050,2025_rev_29,2026_rev_10,2025-11-13,NA,NA
02012002,2025_rev_29,2026_rev_10,2025-11-13,NA,NA
02012004,2025_rev_29,2026_rev_10,2025-11-13,NA,NA
02012006,2025_rev_29,2026_rev_10,2025-11-13,NA,NA
02012010,2025_rev_29,2026_rev_10,2025-11-13,NA,NA
02012030,2025_rev_29,2026_rev_10,2025-11-13,NA,NA
02012050,2025_rev_29,2026_rev_10,2025-11-13,NA,NA
02012080,2025_rev_29,2026_rev_10,2025-11-13,NA,NA
02013002,2025_rev_29,2026_rev_10,2025-11-13,NA,NA
02013004,2025_rev_29,2026_rev_10,2025-11-13,NA,NA
02013006,2025_rev_29,2026_rev_10,2025-11-13,NA,NA
02013010,2025_rev_29,2026_rev_10,2025-11-13,NA,NA
02013030,2025_rev_29,2026_rev_10,2025-11-13,NA,NA
02013050,2025_rev_29,2026_rev_10,2025-11-13,NA,NA
02013080,2025_rev_29,2026_rev_10,2025-11-13,NA,NA
02021005,2025_rev_29,2026_rev_10,2025-11-13,NA,NA
02021010,2025_rev_29,2026_rev_10,2025-11-13,NA,NA
02021050,2025_rev_29,2026_rev_10,2025-11-13,NA,NA
02022002,2025_rev_29,2026_rev_10,2025-11-13,NA,NA
02022004,2025_rev_29,2026_rev_10,2025-11-13,NA,NA
02022006,2025_rev_29,2026_rev_10,2025-11-13,NA,NA
02022010,2025_rev_29,2026_rev_10,2025-11-13,NA,NA
02022030,2025_rev_29,2026_rev_10,2025-11-13,NA,NA
02022050,2025_rev_29,2026_rev_10,2025-11-13,NA,NA
02022080,2025_rev_29,2026_rev_10,2025-11-13,NA,NA
02023002,2025_rev_29,2026_rev_10,2025-11-13,NA,NA
02023004,2025_rev_29,2026_rev_10,2025-11-13,NA,NA
02023006,2025_rev_29,2026_rev_10,2025-11-13,NA,NA
02023010,2025_rev_29,2026_rev_10,2025-11-13,NA,NA
02023030,2025_rev_29,2026_rev_10,2025-11-13,NA,NA
02023050,2025_rev_29,2026_rev_10,2025-11-13,NA,NA
02023080,2025_rev_29,2026_rev_10,2025-11-13,NA,NA
02061000,2025_rev_29,2026_rev_10,2025-11-13,NA,NA
02062100,2025_rev_29,2026_rev_10,2025-11-13,NA,NA
02062200,2025_rev_29,2026_rev_10,2025-11-13,NA,NA
02062900,2025_rev_29,2026_rev_10,2025-11-13,NA,NA
02102000,2025_rev_29,2026_rev_10,2025-11-13,NA,NA
05080000,2025_rev_7,2026_rev_10,NA,NA,NA
07020020,2025_rev_29,2026_rev_10,2025-11-13,NA,NA
07020040,2025_rev_29,2026_rev_10,2025-11-13,NA,NA
07020060,2025_rev_29,2026_rev_10,2025-11-13,NA,NA
07099905,2025_rev_29,2026_rev_10,2025-11-13,NA,NA
07099910,2025_rev_29,2026_rev_10,2025-11-13,NA,NA
07108015,2025_rev_29,2026_rev_10,2025-11-13,NA,NA
07119030,2025_rev_29,2026_rev_10,2025-11-13,NA,NA
07123200,2025_rev_29,2026_rev_10,2025-11-13,NA,NA
07123410,2025_rev_29,2026_rev_10,2025-11-13,NA,NA
07123420,2025_rev_29,2026_rev_10,2025-11-13,NA,NA
07133420,2025_rev_29,2026_rev_10,2025-11-13,NA,NA
07133440,2025_rev_29,2026_rev_10,2025-11-13,NA,NA
07141010,2025_rev_29,2026_rev_10,2025-11-13,NA,NA
07141020,2025_rev_29,2026_rev_10,2025-11-13,NA,NA
07144010,2025_rev_29,2026_rev_10,2025-11-13,NA,NA
07144020,2025_rev_29,2026_rev_10,2025-11-13,NA,NA
07144050,2025_rev_29,2026_rev_10,2025-11-13,NA,NA
07144060,2025_rev_29,2026_rev_10,2025-11-13,NA,NA
07145010,2025_rev_29,2026_rev_10,2025-11-13,NA,NA
07145020,2025_rev_29,2026_rev_10,2025-11-13,NA,NA
07145060,2025_rev_29,2026_rev_10,2025-11-13,NA,NA
07149042,2025_rev_29,2026_rev_10,2025-11-13,NA,NA
07149044,2025_rev_29,2026_rev_10,2025-11-13,NA,NA
07149046,2025_rev_29,2026_rev_10,2025-11-13,NA,NA
07149048,2025_rev_29,2026_rev_10,2025-11-13,NA,NA
07149061,2025_rev_29,2026_rev_10,2025-11-13,NA,NA
08011100,2025_rev_29,2026_rev_10,2025-11-13,NA,NA
08011200,2025_rev_29,2026_rev_10,2025-11-13,NA,NA
08011901,2025_rev_29,2026_rev_10,2025-11-13,NA,NA
08012100,2025_rev_29,2026_rev_10,2025-11-13,NA,NA
08012200,2025_rev_29,2026_rev_10,2025-11-13,NA,NA
08013100,2025_rev_29,2026_rev_10,2025-11-13,NA,NA
08013200,2025_rev_29,2026_rev_10,2025-11-13,NA,NA
08024100,2025_rev_29,2026_rev_10,2025-11-13,NA,NA
08024200,2025_rev_29,2026_rev_10,2025-11-13,NA,NA
08026100,2025_rev_29,2026_rev_10,2025-11-13,NA,NA
08026200,2025_rev_29,2026_rev_10,2025-11-13,NA,NA
08027010,2025_rev_29,2026_rev_10,2025-11-13,NA,NA
08027020,2025_rev_29,2026_rev_10,2025-11-13,NA,NA
08028010,2025_rev_29,2026_rev_10,2025-11-13,NA,NA
08028020,2025_rev_29,2026_rev_10,2025-11-13,NA,NA
08029110,2025_rev_29,2026_rev_10,2025-11-13,NA,NA
08029190,2025_rev_29,2026_rev_10,2025-11-13,NA,NA
08029210,2025_rev_29,2026_rev_10,2025-11-13,NA,NA
08029290,2025_rev_29,2026_rev_10,2025-11-13,NA,NA
08031010,2025_rev_29,2026_rev_10,2025-11-13,NA,NA
08031020,2025_rev_29,2026_rev_10,2025-11-13,NA,NA
08039000,2025_rev_29,2026_rev_10,2025-11-13,NA,NA
08043020,2025_rev_29,2026_rev_10,2025-11-13,NA,NA
08043040,2025_rev_29,2026_rev_10,2025-11-13,NA,NA
08043060,2025_rev_29,2026_rev_10,2025-11-13,NA,NA
08044000,2025_rev_29,2026_rev_10,2025-11-13,NA,NA
08045040,2025_rev_29,2026_rev_10,2025-11-13,NA,NA
08045060,2025_rev_29,2026_rev_10,2025-11-13,NA,NA
08045080,2025_rev_29,2026_rev_10,2025-11-13,NA,NA
08051000,2025_rev_29,2026_rev_10,2025-11-13,NA,NA
08055030,2025_rev_29,2026_rev_10,2025-11-13,NA,NA
08055040,2025_rev_29,2026_rev_10,2025-11-13,NA,NA
08072000,2025_rev_29,2026_rev_10,2025-11-13,NA,NA
08084020,2025_rev_29,2026_rev_10,2025-11-13,NA,NA
08084040,2025_rev_29,2026_rev_10,2025-11-13,NA,NA
08105000,2025_rev_29,2026_rev_10,2025-11-13,NA,NA
08106000,2025_rev_29,2026_rev_10,2025-11-13,NA,NA
08109027,2025_rev_29,2026_rev_10,2025-11-13,NA,NA
08109046,2025_rev_29,2026_rev_10,2025-11-13,NA,NA
08119010,2025_rev_29,2026_rev_10,2025-11-13,NA,NA
08119025,2025_rev_29,2026_rev_10,2025-11-13,NA,NA
08119030,2025_rev_29,2026_rev_10,2025-11-13,NA,NA
08119040,2025_rev_29,2026_rev_10,2025-11-13,NA,NA
08119050,2025_rev_29,2026_rev_10,2025-11-13,NA,NA
08119052,2025_rev_29,2026_rev_10,2025-11-13,NA,NA
08129040,2025_rev_29,2026_rev_10,2025-11-13,NA,NA
09011100,2025_rev_29,2026_rev_10,2025-11-13,NA,NA
09011200,2025_rev_29,2026_rev_10,2025-11-13,NA,NA
09012100,2025_rev_29,2026_rev_10,2025-11-13,NA,NA
09012200,2025_rev_29,2026_rev_10,2025-11-13,NA,NA
09019010,2025_rev_29,2026_rev_10,2025-11-13,NA,NA
09019020,2025_rev_29,2026_rev_10,2025-11-13,NA,NA
09021010,2025_rev_29,2026_rev_10,2025-11-13,NA,NA
09021090,2025_rev_29,2026_rev_10,2025-11-13,NA,NA
09022010,2025_rev_29,2026_rev_10,2025-11-13,NA,NA
09022090,2025_rev_29,2026_rev_10,2025-11-13,NA,NA
09023000,2025_rev_29,2026_rev_10,2025-11-13,NA,NA
09024000,2025_rev_29,2026_rev_10,2025-11-13,NA,NA
09030000,2025_rev_29,2026_rev_10,2025-11-13,NA,NA
09041100,2025_rev_29,2026_rev_10,2025-11-13,NA,NA
09041200,2025_rev_29,2026_rev_10,2025-11-13,NA,NA
09042120,2025_rev_29,2026_rev_10,2025-11-13,NA,NA
09042140,2025_rev_29,2026_rev_10,2025-11-13,NA,NA
09042160,2025_rev_29,2026_rev_10,2025-11-13,NA,NA
09042180,2025_rev_29,2026_rev_10,2025-11-13,NA,NA
09042220,2025_rev_29,2026_rev_10,2025-11-13,NA,NA
09042240,2025_rev_29,2026_rev_10,2025-11-13,NA,NA
09042273,2025_rev_29,2026_rev_10,2025-11-13,NA,NA
09042276,2025_rev_29,2026_rev_10,2025-11-13,NA,NA
09042280,2025_rev_29,2026_rev_10,2025-11-13,NA,NA
09051000,2025_rev_29,2026_rev_10,2025-11-13,NA,NA
09052000,2025_rev_29,2026_rev_10,2025-11-13,NA,NA
09061100,2025_rev_29,2026_rev_10,2025-11-13,NA,NA
09061900,2025_rev_29,2026_rev_10,2025-11-13,NA,NA
09062000,2025_rev_29,2026_rev_10,2025-11-13,NA,NA
09071000,2025_rev_29,2026_rev_10,2025-11-13,NA,NA
09072000,2025_rev_29,2026_rev_10,2025-11-13,NA,NA
09081100,2025_rev_29,2026_rev_10,2025-11-13,NA,NA
09081200,2025_rev_29,2026_rev_10,2025-11-13,NA,NA
09082100,2025_rev_29,2026_rev_10,2025-11-13,NA,NA
09082220,2025_rev_29,2026_rev_10,2025-11-13,NA,NA
09082240,2025_rev_29,2026_rev_10,2025-11-13,NA,NA
09083100,2025_rev_29,2026_rev_10,2025-11-13,NA,NA
09083200,2025_rev_29,2026_rev_10,2025-11-13,NA,NA
09092100,2025_rev_29,2026_rev_10,2025-11-13,NA,NA
09092200,2025_rev_29,2026_rev_10,2025-11-13,NA,NA
09093100,2025_rev_29,2026_rev_10,2025-11-13,NA,NA
09093200,2025_rev_29,2026_rev_10,2025-11-13,NA,NA
09096100,2025_rev_29,2026_rev_10,2025-11-13,NA,NA
09096200,2025_rev_29,2026_rev_10,2025-11-13,NA,NA
09101100,2025_rev_29,2026_rev_10,2025-11-13,NA,NA
09101200,2025_rev_29,2026_rev_10,2025-11-13,NA,NA
09102000,2025_rev_29,2026_rev_10,2025-11-13,NA,NA
09103000,2025_rev_29,2026_rev_10,2025-11-13,NA,NA
09109100,2025_rev_29,2026_rev_10,2025-11-13,NA,NA
09109907,2025_rev_29,2026_rev_10,2025-11-13,NA,NA
09109910,2025_rev_29,2026_rev_10,2025-11-13,NA,NA
09109920,2025_rev_29,2026_rev_10,2025-11-13,NA,NA
09109940,2025_rev_29,2026_rev_10,2025-11-13,NA,NA
09109950,2025_rev_29,2026_rev_10,2025-11-13,NA,NA
09109960,2025_rev_29,2026_rev_10,2025-11-13,NA,NA
10039040,2025_rev_29,2026_rev_10,2025-11-13,NA,NA
10083000,2025_rev_29,2026_rev_10,2025-11-13,NA,NA
10084000,2025_rev_29,2026_rev_10,2025-11-13,NA,NA
10086000,2025_rev_29,2026_rev_10,2025-11-13,NA,NA
11062090,2025_rev_29,2026_rev_10,2025-11-13,NA,NA
11063020,2025_rev_29,2026_rev_10,2025-11-13,NA,NA
11081400,2025_rev_29,2026_rev_10,2025-11-13,NA,NA
11081900,2025_rev_29,2026_rev_10,2025-11-13,NA,NA
12030000,2025_rev_29,2026_rev_10,2025-11-13,NA,NA
12079100,2025_rev_29,2026_rev_10,2025-11-13,NA,NA
15131100,2025_rev_29,2026_rev_10,2025-11-13,NA,NA
15131900,2025_rev_29,2026_rev_10,2025-11-13,NA,NA
15211000,2025_rev_29,2026_rev_10,2025-11-13,NA,NA
15219020,2025_rev_29,2026_rev_10,2025-11-13,NA,NA
16025005,2025_rev_29,2026_rev_10,2025-11-13,NA,NA
16025007,2025_rev_29,2026_rev_10,2025-11-13,NA,NA
16025008,2025_rev_29,2026_rev_10,2025-11-13,NA,NA
16025021,2025_rev_29,2026_rev_10,2025-11-13,NA,NA
16025060,2025_rev_29,2026_rev_10,2025-11-13,NA,NA
16025090,2025_rev_29,2026_rev_10,2025-11-13,NA,NA
18010000,2025_rev_29,2026_rev_10,2025-11-13,NA,NA
18020000,2025_rev_29,2026_rev_10,2025-11-13,NA,NA
18031000,2025_rev_29,2026_rev_10,2025-11-13,NA,NA
18032000,2025_rev_29,2026_rev_10,2025-11-13,NA,NA
18040000,2025_rev_29,2026_rev_10,2025-11-13,NA,NA
18050000,2025_rev_29,2026_rev_10,2025-11-13,NA,NA
19030020,2025_rev_29,2026_rev_10,2025-11-13,NA,NA
19030040,2025_rev_29,2026_rev_10,2025-11-13,NA,NA
20019045,2025_rev_29,2026_rev_10,2025-11-13,NA,NA
20059160,2025_rev_29,2026_rev_10,2025-11-13,NA,NA
20060040,2025_rev_29,2026_rev_10,2025-11-13,NA,NA
20079940,2025_rev_29,2026_rev_10,2025-11-13,NA,NA
20079950,2025_rev_29,2026_rev_10,2025-11-13,NA,NA
20081915,2025_rev_29,2026_rev_10,2025-11-13,NA,NA
20082000,2025_rev_29,2026_rev_10,2025-11-13,NA,NA
20089100,2025_rev_29,2026_rev_10,2025-11-13,NA,NA
20089913,2025_rev_29,2026_rev_10,2025-11-13,NA,NA
20089915,2025_rev_29,2026_rev_10,2025-11-13,NA,NA
20089940,2025_rev_29,2026_rev_10,2025-11-13,NA,NA
20089945,2025_rev_29,2026_rev_10,2025-11-13,NA,NA
20089991,2025_rev_29,2026_rev_10,2025-11-13,NA,NA
20091100,2025_rev_29,2026_rev_10,2025-11-13,NA,NA
20091225,2025_rev_29,2026_rev_10,2025-11-13,NA,NA
20091245,2025_rev_29,2026_rev_10,2025-11-13,NA,NA
20091900,2025_rev_29,2026_rev_10,2025-11-13,NA,NA
20093920,2025_rev_29,2026_rev_10,2025-11-13,NA,NA
20094940,2025_rev_29,2026_rev_10,2025-11-13,NA,NA
21011129,2025_rev_29,2026_rev_10,2025-11-13,NA,NA
21011290,2025_rev_29,2026_rev_10,2025-11-13,NA,NA
21012020,2025_rev_29,2026_rev_10,2025-11-13,NA,NA
21069048,2025_rev_29,2026_rev_10,2025-11-13,NA,NA
22029930,2025_rev_29,2026_rev_10,2025-11-13,NA,NA
22029935,2025_rev_29,2026_rev_10,2025-11-13,NA,NA
25041010,2025_rev_22,2026_rev_10,2025-09-08,NA,NA
25041050,2025_rev_7,2026_rev_10,NA,NA,NA
25049000,2025_rev_7,2026_rev_10,NA,NA,NA
25101000,2025_rev_7,2026_rev_10,NA,NA,NA
25102000,2025_rev_7,2026_rev_10,NA,NA,NA
25111010,2025_rev_7,2026_rev_10,NA,NA,NA
25111050,2025_rev_7,2026_rev_10,NA,NA,NA
25191000,2025_rev_7,2026_rev_10,NA,NA,NA
25199010,2025_rev_7,2026_rev_10,NA,NA,NA
25199020,2025_rev_7,2026_rev_10,NA,NA,NA
25249000,2025_rev_7,2026_rev_10,NA,NA,NA
25292100,2025_rev_7,2026_rev_10,NA,NA,NA
25292200,2025_rev_7,2026_rev_10,NA,NA,NA
25302010,2025_rev_7,2026_rev_10,NA,NA,NA
25302020,2025_rev_7,2026_rev_10,NA,NA,NA
25309010,2025_rev_7,2026_rev_10,NA,NA,NA
25309020,2025_rev_7,2026_rev_10,NA,NA,NA
25309080,2025_rev_7,2026_rev_10,NA,NA,NA
26020000,2025_rev_7,2026_rev_10,NA,NA,NA
26030000,2025_rev_7,2026_rev_10,NA,NA,NA
26040000,2025_rev_22,2026_rev_10,2025-09-08,NA,NA
26050000,2025_rev_7,2026_rev_10,NA,NA,NA
26060000,2025_rev_7,2026_rev_10,NA,NA,NA
26080000,2025_rev_7,2026_rev_10,NA,NA,NA
26090000,2025_rev_22,2026_rev_10,2025-09-08,NA,NA
26100000,2025_rev_7,2026_rev_10,NA,NA,NA
26110030,2025_rev_7,2026_rev_10,NA,NA,NA
26110060,2025_rev_7,2026_rev_10,NA,NA,NA
26121000,2025_rev_7,2026_rev_10,NA,NA,NA
26122000,2025_rev_22,2026_rev_10,2025-09-08,NA,NA
26139000,2025_rev_22,2026_rev_10,2025-09-08,NA,NA
26140030,2025_rev_7,2026_rev_10,NA,NA,NA
26140060,2025_rev_7,2026_rev_10,NA,NA,NA
26159030,2025_rev_7,2026_rev_10,NA,NA,NA
26159060,2025_rev_7,2026_rev_10,NA,NA,NA
26161000,2025_rev_7,2026_rev_10,NA,NA,NA
26171000,2025_rev_7,2026_rev_10,NA,NA,NA
26203000,2025_rev_7,2026_rev_10,NA,NA,NA
26209950,2025_rev_7,2026_rev_10,NA,NA,NA
27011100,2025_rev_7,2026_rev_10,NA,NA,NA
27011200,2025_rev_7,2026_rev_10,NA,NA,NA
27011900,2025_rev_7,2026_rev_10,NA,NA,NA
27012000,2025_rev_7,2026_rev_10,NA,NA,NA
27021000,2025_rev_7,2026_rev_10,NA,NA,NA
27022000,2025_rev_7,2026_rev_10,NA,NA,NA
27030000,2025_rev_7,2026_rev_10,NA,NA,NA
27040000,2025_rev_7,2026_rev_10,NA,NA,NA
27050000,2025_rev_7,2026_rev_10,NA,NA,NA
27060000,2025_rev_7,2026_rev_10,NA,NA,NA
27071000,2025_rev_7,2026_rev_10,NA,NA,NA
27072000,2025_rev_7,2026_rev_10,NA,NA,NA
27073000,2025_rev_7,2026_rev_10,NA,NA,NA
27074000,2025_rev_7,2026_rev_10,NA,NA,NA
27075000,2025_rev_7,2026_rev_10,NA,NA,NA
27079100,2025_rev_7,2026_rev_10,NA,NA,NA
27079910,2025_rev_7,2026_rev_10,NA,NA,NA
27079920,2025_rev_7,2026_rev_10,NA,NA,NA
27079940,2025_rev_7,2026_rev_10,NA,NA,NA
27079951,2025_rev_7,2026_rev_10,NA,NA,NA
27079955,2025_rev_7,2026_rev_10,NA,NA,NA
27079959,2025_rev_7,2026_rev_10,NA,NA,NA
27079990,2025_rev_7,2026_rev_10,NA,NA,NA
27081000,2025_rev_7,2026_rev_10,NA,NA,NA
27082000,2025_rev_7,2026_rev_10,NA,NA,NA
27090010,2025_rev_7,2026_rev_10,NA,NA,NA
27090020,2025_rev_7,2026_rev_10,NA,NA,NA
27101215,2025_rev_7,2026_rev_10,NA,NA,NA
27101218,2025_rev_7,2026_rev_10,NA,NA,NA
27101225,2025_rev_7,2026_rev_10,NA,NA,NA
27101245,2025_rev_7,2026_rev_10,NA,NA,NA
27101290,2025_rev_7,2026_rev_10,NA,NA,NA
27101906,2025_rev_7,2026_rev_10,NA,NA,NA
27101911,2025_rev_7,2026_rev_10,NA,NA,NA
27101916,2025_rev_7,2026_rev_10,NA,NA,NA
27101924,2025_rev_7,2026_rev_10,NA,NA,NA
27101925,2025_rev_7,2026_rev_10,NA,NA,NA
27101926,2025_rev_7,2026_rev_10,NA,NA,NA
27101930,2025_rev_7,2026_rev_10,NA,NA,NA
27101935,2025_rev_7,2026_rev_10,NA,NA,NA
27101940,2025_rev_7,2026_rev_10,NA,NA,NA
27101945,2025_rev_7,2026_rev_10,NA,NA,NA
27101990,2025_rev_7,2026_rev_10,NA,NA,NA
27102005,2025_rev_7,2026_rev_10,NA,NA,NA
27102010,2025_rev_7,2026_rev_10,NA,NA,NA
27102015,2025_rev_7,2026_rev_10,NA,NA,NA
27102025,2025_rev_7,2026_rev_10,NA,NA,NA
27109100,2025_rev_7,2026_rev_10,NA,NA,NA
27109905,2025_rev_7,2026_rev_10,NA,NA,NA
27109910,2025_rev_7,2026_rev_10,NA,NA,NA
27109916,2025_rev_7,2026_rev_10,NA,NA,NA
27109921,2025_rev_7,2026_rev_10,NA,NA,NA
27109931,2025_rev_7,2026_rev_10,NA,NA,NA
27109932,2025_rev_7,2026_rev_10,NA,NA,NA
27109939,2025_rev_7,2026_rev_10,NA,NA,NA
27109945,2025_rev_7,2026_rev_10,NA,NA,NA
27109990,2025_rev_7,2026_rev_10,NA,NA,NA
27111100,2025_rev_7,2026_rev_10,NA,NA,NA
27111200,2025_rev_7,2026_rev_10,NA,NA,NA
27111300,2025_rev_7,2026_rev_10,NA,NA,NA
27111400,2025_rev_7,2026_rev_10,NA,NA,NA
27111900,2025_rev_7,2026_rev_10,NA,NA,NA
27112100,2025_rev_7,2026_rev_10,NA,NA,NA
27112900,2025_rev_7,2026_rev_10,NA,NA,NA
27121000,2025_rev_7,2026_rev_10,NA,NA,NA
27122000,2025_rev_7,2026_rev_10,NA,NA,NA
27129010,2025_rev_7,2026_rev_10,NA,NA,NA
27129020,2025_rev_7,2026_rev_10,NA,NA,NA
27131100,2025_rev_7,2026_rev_10,NA,NA,NA
27131200,2025_rev_7,2026_rev_10,NA,NA,NA
27132000,2025_rev_7,2026_rev_10,NA,NA,NA
27139000,2025_rev_7,2026_rev_10,NA,NA,NA
27141000,2025_rev_7,2026_rev_10,NA,NA,NA
27149000,2025_rev_7,2026_rev_10,NA,NA,NA
27150000,2025_rev_7,2026_rev_10,NA,NA,NA
27160000,2025_rev_7,2026_rev_10,NA,NA,NA
28012000,2025_rev_7,2026_rev_10,NA,NA,NA
28042900,2025_rev_7,2026_rev_10,NA,NA,NA
28045000,2025_rev_7,2026_rev_10,NA,NA,NA
28046100,2025_rev_7,2026_rev_10,NA,NA,NA
28048000,2025_rev_7,2026_rev_10,NA,NA,NA
28049000,2025_rev_7,2026_rev_10,NA,NA,NA
28051910,2025_rev_7,2026_rev_10,NA,NA,NA
28051920,2025_rev_7,2026_rev_10,NA,NA,NA
28051990,2025_rev_7,2026_rev_10,NA,NA,NA
28053000,2025_rev_7,2026_rev_10,NA,NA,NA
28111100,2025_rev_7,2026_rev_10,NA,NA,NA
28111910,2025_rev_7,2026_rev_10,NA,NA,NA
28112910,2025_rev_7,2026_rev_10,NA,NA,NA
28112920,2025_rev_7,2026_rev_10,NA,NA,NA
28121900,2025_rev_7,2026_rev_10,NA,NA,NA
28139010,2025_rev_7,2026_rev_10,NA,NA,NA
28152000,2025_rev_7,2026_rev_10,NA,NA,NA
28161000,2025_rev_7,2026_rev_10,NA,NA,NA
28164010,2025_rev_7,2026_rev_10,NA,NA,NA
28164020,2025_rev_7,2026_rev_10,NA,NA,NA
28170000,2025_rev_7,2026_rev_10,NA,NA,NA
28181010,2025_rev_7,2026_rev_10,NA,NA,NA
28181020,2025_rev_7,2026_rev_10,NA,NA,NA
28182000,2025_rev_7,2026_rev_10,NA,NA,NA
28183000,2025_rev_7,2025_rev_21,NA,2025_rev_22,2025-09-07
28201000,2025_rev_7,2026_rev_10,NA,NA,NA
28211000,2025_rev_7,2026_rev_10,NA,NA,NA
28212000,2025_rev_7,2026_rev_10,NA,NA,NA
28220000,2025_rev_7,2026_rev_10,NA,NA,NA
28230000,2025_rev_7,2026_rev_10,NA,NA,NA
28252000,2025_rev_7,2026_rev_10,NA,NA,NA
28254000,2025_rev_22,2026_rev_10,2025-09-08,NA,NA
28255030,2025_rev_7,2026_rev_10,NA,NA,NA
28256000,2025_rev_7,2026_rev_10,NA,NA,NA
28258000,2025_rev_7,2026_rev_10,NA,NA,NA
28259015,2025_rev_7,2026_rev_10,NA,NA,NA
28259030,2025_rev_7,2026_rev_10,NA,NA,NA
28259090,2025_rev_7,2026_rev_10,NA,NA,NA
28261200,2025_rev_7,2026_rev_10,NA,NA,NA
28263000,2025_rev_7,2026_rev_10,NA,NA,NA
28269090,2025_rev_7,2026_rev_10,NA,NA,NA
28273100,2025_rev_7,2026_rev_10,NA,NA,NA
28273945,2025_rev_7,2026_rev_10,NA,NA,NA
28273960,2025_rev_7,2026_rev_10,NA,NA,NA
28273990,2025_rev_7,2026_rev_10,NA,NA,NA
28274100,2025_rev_7,2026_rev_10,NA,NA,NA
28274950,2025_rev_7,2026_rev_10,NA,NA,NA
28275951,2025_rev_7,2026_rev_10,NA,NA,NA
28276010,2025_rev_7,2026_rev_10,NA,NA,NA
28276051,2025_rev_7,2026_rev_10,NA,NA,NA
28332100,2025_rev_7,2026_rev_10,NA,NA,NA
28332400,2025_rev_22,2026_rev_10,2025-09-08,NA,NA
28332500,2025_rev_7,2026_rev_10,NA,NA,NA
28332700,2025_rev_7,2026_rev_10,NA,NA,NA
28332910,2025_rev_7,2026_rev_10,NA,NA,NA
28332945,2025_rev_7,2026_rev_10,NA,NA,NA
28332951,2025_rev_7,2026_rev_10,NA,NA,NA
28342100,2025_rev_7,2026_rev_10,NA,NA,NA
28342920,2025_rev_7,2026_rev_10,NA,NA,NA
28342951,2025_rev_7,2026_rev_10,NA,NA,NA
28366000,2025_rev_7,2026_rev_10,NA,NA,NA
28369100,2025_rev_7,2026_rev_10,NA,NA,NA
28369200,2025_rev_7,2026_rev_10,NA,NA,NA
28369910,2025_rev_7,2026_rev_10,NA,NA,NA
28369950,2025_rev_7,2026_rev_10,NA,NA,NA
28418000,2025_rev_7,2026_rev_10,NA,NA,NA
28419020,2025_rev_7,2026_rev_10,NA,NA,NA
28419040,2025_rev_7,2026_rev_10,NA,NA,NA
28432901,2025_rev_7,2026_rev_10,NA,NA,NA
28433000,2025_rev_7,2026_rev_10,NA,NA,NA
28439000,2025_rev_7,2026_rev_10,NA,NA,NA
28441010,2025_rev_7,2026_rev_10,NA,NA,NA
28441020,2025_rev_7,2026_rev_10,NA,NA,NA
28442000,2025_rev_7,2026_rev_10,NA,NA,NA
28443020,2025_rev_7,2026_rev_10,NA,NA,NA
28443050,2025_rev_7,2026_rev_10,NA,NA,NA
28444300,2025_rev_7,2026_rev_10,NA,NA,NA
28459001,2025_rev_7,2026_rev_10,NA,NA,NA
28461000,2025_rev_7,2026_rev_10,NA,NA,NA
28469020,2025_rev_7,2026_rev_10,NA,NA,NA
28469040,2025_rev_7,2026_rev_10,NA,NA,NA
28469080,2025_rev_7,2026_rev_10,NA,NA,NA
28492010,2025_rev_7,2026_rev_10,NA,NA,NA
28492020,2025_rev_7,2026_rev_10,NA,NA,NA
28499030,2025_rev_7,2026_rev_10,NA,NA,NA
28539010,2025_rev_7,2026_rev_10,NA,NA,NA
28539090,2025_rev_7,2026_rev_10,NA,NA,NA
29034510,2025_rev_7,2026_rev_10,NA,NA,NA
29035110,2025_rev_22,2026_rev_10,2025-09-08,NA,NA
29035990,2025_rev_7,2026_rev_10,NA,NA,NA
29036990,2025_rev_7,2026_rev_10,NA,NA,NA
29037800,2025_rev_7,2026_rev_10,NA,NA,NA
29037990,2025_rev_7,2026_rev_10,NA,NA,NA
29038915,2025_rev_7,2026_rev_10,NA,NA,NA
29038920,2025_rev_7,2026_rev_10,NA,NA,NA
29038970,2025_rev_7,2026_rev_10,NA,NA,NA
29039200,2025_rev_7,2026_rev_10,NA,NA,NA
29049940,2025_rev_7,2026_rev_10,NA,NA,NA
29052990,2025_rev_7,2026_rev_10,NA,NA,NA
29053990,2025_rev_7,2026_rev_10,NA,NA,NA
29055910,2025_rev_7,2026_rev_10,NA,NA,NA
29055990,2025_rev_7,2026_rev_10,NA,NA,NA
29061950,2025_rev_7,2026_rev_10,NA,NA,NA
29062960,2025_rev_7,2026_rev_10,NA,NA,NA
29072990,2025_rev_7,2026_rev_10,NA,NA,NA
29081960,2025_rev_7,2026_rev_10,NA,NA,NA
29091918,2025_rev_7,2026_rev_10,NA,NA,NA
29092000,2025_rev_7,2026_rev_10,NA,NA,NA
29093060,2025_rev_7,2026_rev_10,NA,NA,NA
29094910,2025_rev_7,2026_rev_10,NA,NA,NA
29094915,2025_rev_7,2026_rev_10,NA,NA,NA
29094920,2025_rev_7,2026_rev_10,NA,NA,NA
29094960,2025_rev_7,2026_rev_10,NA,NA,NA
29095040,2025_rev_7,2026_rev_10,NA,NA,NA
29095045,2025_rev_7,2026_rev_10,NA,NA,NA
29095050,2025_rev_7,2026_rev_10,NA,NA,NA
29121950,2025_rev_7,2026_rev_10,NA,NA,NA
29124926,2025_rev_7,2026_rev_10,NA,NA,NA
29141900,2025_rev_7,2026_rev_10,NA,NA,NA
29144090,2025_rev_7,2026_rev_10,NA,NA,NA
29145030,2025_rev_7,2026_rev_10,NA,NA,NA
29145050,2025_rev_7,2026_rev_10,NA,NA,NA
29146200,2025_rev_7,2026_rev_10,NA,NA,NA
29146921,2025_rev_7,2026_rev_10,NA,NA,NA
29146990,2025_rev_7,2026_rev_10,NA,NA,NA
29147940,2025_rev_7,2026_rev_10,NA,NA,NA
29152930,2025_rev_7,2026_rev_10,NA,NA,NA
29153931,2025_rev_7,2026_rev_10,NA,NA,NA
29153935,2025_rev_7,2026_rev_10,NA,NA,NA
29153947,2025_rev_7,2026_rev_10,NA,NA,NA
29153990,2025_rev_7,2026_rev_10,NA,NA,NA
29159010,2025_rev_7,2026_rev_10,NA,NA,NA
29159014,2025_rev_7,2026_rev_10,NA,NA,NA
29159018,2025_rev_7,2026_rev_10,NA,NA,NA
29159020,2025_rev_7,2026_rev_10,NA,NA,NA
29159050,2025_rev_7,2026_rev_10,NA,NA,NA
29161930,2025_rev_7,2026_rev_10,NA,NA,NA
29161950,2025_rev_7,2026_rev_10,NA,NA,NA
29162050,2025_rev_7,2026_rev_10,NA,NA,NA
29163150,2025_rev_7,2026_rev_10,NA,NA,NA
29163946,2025_rev_7,2026_rev_10,NA,NA,NA
29163979,2025_rev_7,2026_rev_10,NA,NA,NA
29171300,2025_rev_7,2026_rev_10,NA,NA,NA
29171910,2025_rev_7,2026_rev_10,NA,NA,NA
29171970,2025_rev_7,2026_rev_10,NA,NA,NA
29173401,2025_rev_7,2026_rev_10,NA,NA,NA
29173930,2025_rev_7,2026_rev_10,NA,NA,NA
29181151,2025_rev_7,2026_rev_10,NA,NA,NA
29181350,2025_rev_7,2026_rev_10,NA,NA,NA
29181650,2025_rev_7,2026_rev_10,NA,NA,NA
29181960,2025_rev_7,2026_rev_10,NA,NA,NA
29181990,2025_rev_7,2026_rev_10,NA,NA,NA
29182210,2025_rev_7,2026_rev_10,NA,NA,NA
29182250,2025_rev_7,2026_rev_10,NA,NA,NA
29182330,2025_rev_7,2026_rev_10,NA,NA,NA
29182350,2025_rev_7,2026_rev_10,NA,NA,NA
29182920,2025_rev_7,2026_rev_10,NA,NA,NA
29182965,2025_rev_7,2026_rev_10,NA,NA,NA
29182975,2025_rev_7,2026_rev_10,NA,NA,NA
29183025,2025_rev_7,2026_rev_10,NA,NA,NA
29183030,2025_rev_7,2026_rev_10,NA,NA,NA
29183090,2025_rev_7,2026_rev_10,NA,NA,NA
29189930,2025_rev_7,2026_rev_10,NA,NA,NA
29189943,2025_rev_7,2026_rev_10,NA,NA,NA
29189947,2025_rev_7,2026_rev_10,NA,NA,NA
29189950,2025_rev_7,2026_rev_10,NA,NA,NA
29199030,2025_rev_7,2026_rev_10,NA,NA,NA
29199050,2025_rev_7,2026_rev_10,NA,NA,NA
29209051,2025_rev_7,2026_rev_10,NA,NA,NA
29211911,2025_rev_7,2026_rev_10,NA,NA,NA
29211961,2025_rev_7,2026_rev_10,NA,NA,NA
29212900,2025_rev_7,2026_rev_10,NA,NA,NA
29213010,2025_rev_7,2026_rev_10,NA,NA,NA
29213050,2025_rev_7,2026_rev_10,NA,NA,NA
29214290,2025_rev_7,2026_rev_10,NA,NA,NA
29214600,2025_rev_7,2026_rev_10,NA,NA,NA
29214938,2025_rev_7,2026_rev_10,NA,NA,NA
29214943,2025_rev_7,2026_rev_10,NA,NA,NA
29214945,2025_rev_7,2026_rev_10,NA,NA,NA
29214950,2025_rev_7,2026_rev_10,NA,NA,NA
29215980,2025_rev_7,2026_rev_10,NA,NA,NA
29221100,2025_rev_7,2026_rev_10,NA,NA,NA
29221400,2025_rev_7,2026_rev_10,NA,NA,NA
29221909,2025_rev_7,2026_rev_10,NA,NA,NA
29221920,2025_rev_7,2026_rev_10,NA,NA,NA
29221933,2025_rev_7,2026_rev_10,NA,NA,NA
29221960,2025_rev_7,2026_rev_10,NA,NA,NA
29221970,2025_rev_7,2026_rev_10,NA,NA,NA
29221990,2025_rev_7,2026_rev_10,NA,NA,NA
29221996,2025_rev_7,2026_rev_10,NA,NA,NA
29222927,2025_rev_7,2026_rev_10,NA,NA,NA
29222961,2025_rev_7,2026_rev_10,NA,NA,NA
29222981,2025_rev_7,2026_rev_10,NA,NA,NA
29223100,2025_rev_7,2026_rev_10,NA,NA,NA
29223925,2025_rev_7,2026_rev_10,NA,NA,NA
29223945,2025_rev_7,2026_rev_10,NA,NA,NA
29223950,2025_rev_7,2026_rev_10,NA,NA,NA
29224100,2025_rev_7,2026_rev_10,NA,NA,NA
29224250,2025_rev_7,2026_rev_10,NA,NA,NA
29224400,2025_rev_7,2026_rev_10,NA,NA,NA
29224910,2025_rev_7,2026_rev_10,NA,NA,NA
29224926,2025_rev_7,2026_rev_10,NA,NA,NA
29224930,2025_rev_7,2026_rev_10,NA,NA,NA
29224937,2025_rev_7,2026_rev_10,NA,NA,NA
29224949,2025_rev_7,2026_rev_10,NA,NA,NA
29224980,2025_rev_7,2026_rev_10,NA,NA,NA
29225007,2025_rev_7,2026_rev_10,NA,NA,NA
29225010,2025_rev_7,2026_rev_10,NA,NA,NA
29225011,2025_rev_7,2026_rev_10,NA,NA,NA
29225013,2025_rev_7,2026_rev_10,NA,NA,NA
29225014,2025_rev_7,2026_rev_10,NA,NA,NA
29225017,2025_rev_7,2026_rev_10,NA,NA,NA
29225025,2025_rev_7,2026_rev_10,NA,NA,NA
29225035,2025_rev_7,2026_rev_10,NA,NA,NA
29225040,2025_rev_7,2026_rev_10,NA,NA,NA
29225050,2025_rev_7,2026_rev_10,NA,NA,NA
29231000,2025_rev_7,2026_rev_10,NA,NA,NA
29232020,2025_rev_7,2026_rev_10,NA,NA,NA
29239001,2025_rev_7,2026_rev_10,NA,NA,NA
29241100,2025_rev_7,2026_rev_10,NA,NA,NA
29241911,2025_rev_7,2026_rev_10,NA,NA,NA
29241980,2025_rev_7,2026_rev_10,NA,NA,NA
29242116,2025_rev_7,2026_rev_10,NA,NA,NA
29242150,2025_rev_7,2026_rev_10,NA,NA,NA
29242901,2025_rev_22,2026_rev_10,2025-09-08,NA,NA
29242903,2025_rev_22,2026_rev_10,2025-09-08,NA,NA
29242910,2025_rev_7,2026_rev_10,NA,NA,NA
29242923,2025_rev_22,2026_rev_10,2025-09-08,NA,NA
29242926,2025_rev_22,2026_rev_10,2025-09-08,NA,NA
29242928,2025_rev_22,2026_rev_10,2025-09-08,NA,NA
29242933,2025_rev_22,2026_rev_10,2025-09-08,NA,NA
29242957,2025_rev_22,2026_rev_10,2025-09-08,NA,NA
29242962,2025_rev_7,2026_rev_10,NA,NA,NA
29242971,2025_rev_7,2026_rev_10,NA,NA,NA
29242977,2025_rev_7,2026_rev_10,NA,NA,NA
29242980,2025_rev_22,2026_rev_10,2025-09-08,NA,NA
29242995,2025_rev_7,2026_rev_10,NA,NA,NA
29251200,2025_rev_7,2026_rev_10,NA,NA,NA
29251942,2025_rev_7,2026_rev_10,NA,NA,NA
29251991,2025_rev_7,2026_rev_10,NA,NA,NA
29252100,2025_rev_7,2026_rev_10,NA,NA,NA
29252920,2025_rev_7,2026_rev_10,NA,NA,NA
29252960,2025_rev_7,2026_rev_10,NA,NA,NA
29252990,2025_rev_7,2026_rev_10,NA,NA,NA
29263010,2025_rev_7,2026_rev_10,NA,NA,NA
29264000,2025_rev_7,2026_rev_10,NA,NA,NA
29269014,2025_rev_7,2026_rev_10,NA,NA,NA
29269043,2025_rev_7,2026_rev_10,NA,NA,NA
29269048,2025_rev_7,2026_rev_10,NA,NA,NA
29269050,2025_rev_22,2026_rev_10,2025-09-08,NA,NA
29270040,2025_rev_7,2026_rev_10,NA,NA,NA
29270050,2025_rev_7,2026_rev_10,NA,NA,NA
29280025,2025_rev_7,2026_rev_10,NA,NA,NA
29280030,2025_rev_7,2026_rev_10,NA,NA,NA
29280050,2025_rev_7,2026_rev_10,NA,NA,NA
29299020,2025_rev_7,2026_rev_10,NA,NA,NA
29299050,2025_rev_7,2026_rev_10,NA,NA,NA
29302020,2025_rev_7,2026_rev_10,NA,NA,NA
29302090,2025_rev_7,2026_rev_10,NA,NA,NA
29303060,2025_rev_7,2026_rev_10,NA,NA,NA
29309029,2025_rev_7,2026_rev_10,NA,NA,NA
29309049,2025_rev_7,2026_rev_10,NA,NA,NA
29309092,2025_rev_7,2026_rev_10,NA,NA,NA
29314900,2025_rev_7,2026_rev_10,NA,NA,NA
29315300,2025_rev_7,2026_rev_10,NA,NA,NA
29319022,2025_rev_7,2026_rev_10,NA,NA,NA
29319090,2025_rev_7,2026_rev_10,NA,NA,NA
29321400,2025_rev_7,2026_rev_10,NA,NA,NA
29321951,2025_rev_7,2026_rev_10,NA,NA,NA
29322020,2025_rev_7,2026_rev_10,NA,NA,NA
29322030,2025_rev_7,2026_rev_10,NA,NA,NA
29322050,2025_rev_7,2026_rev_10,NA,NA,NA
29329961,2025_rev_7,2026_rev_10,NA,NA,NA
29329970,2025_rev_7,2026_rev_10,NA,NA,NA
29329990,2025_rev_7,2026_rev_10,NA,NA,NA
29331100,2025_rev_7,2026_rev_10,NA,NA,NA
29331935,2025_rev_7,2026_rev_10,NA,NA,NA
29331945,2025_rev_7,2026_rev_10,NA,NA,NA
29331990,2025_rev_7,2026_rev_10,NA,NA,NA
29332100,2025_rev_7,2026_rev_10,NA,NA,NA
29332905,2025_rev_22,2026_rev_10,2025-09-08,NA,NA
29332920,2025_rev_7,2026_rev_10,NA,NA,NA
29332935,2025_rev_7,2026_rev_10,NA,NA,NA
29332943,2025_rev_7,2026_rev_10,NA,NA,NA
29332945,2025_rev_7,2026_rev_10,NA,NA,NA
29332960,2025_rev_22,2026_rev_10,2025-09-08,NA,NA
29332990,2025_rev_7,2026_rev_10,NA,NA,NA
29333301,2025_rev_7,2026_rev_10,NA,NA,NA
29333400,2025_rev_7,2026_rev_10,NA,NA,NA
29333500,2025_rev_7,2026_rev_10,NA,NA,NA
29333700,2025_rev_7,2026_rev_10,NA,NA,NA
29333908,2025_rev_7,2026_rev_10,NA,NA,NA
29333910,2025_rev_7,2026_rev_10,NA,NA,NA
29333920,2025_rev_7,2026_rev_10,NA,NA,NA
29333921,2025_rev_7,2026_rev_10,NA,NA,NA
29333923,2025_rev_7,2026_rev_10,NA,NA,NA
29333925,2025_rev_7,2026_rev_10,NA,NA,NA
29333927,2025_rev_7,2026_rev_10,NA,NA,NA
29333931,2025_rev_7,2026_rev_10,NA,NA,NA
29333941,2025_rev_7,2026_rev_10,NA,NA,NA
29333961,2025_rev_7,2026_rev_10,NA,NA,NA
29333992,2025_rev_7,2026_rev_10,NA,NA,NA
29334100,2025_rev_7,2026_rev_10,NA,NA,NA
29334908,2025_rev_7,2026_rev_10,NA,NA,NA
29334910,2025_rev_7,2026_rev_10,NA,NA,NA
29334915,2025_rev_7,2026_rev_10,NA,NA,NA
29334917,2025_rev_7,2026_rev_10,NA,NA,NA
29334920,2025_rev_7,2026_rev_10,NA,NA,NA
29334926,2025_rev_7,2026_rev_10,NA,NA,NA
29334930,2025_rev_7,2026_rev_10,NA,NA,NA
29334960,2025_rev_7,2026_rev_10,NA,NA,NA
29334970,2025_rev_7,2026_rev_10,NA,NA,NA
29335210,2025_rev_7,2026_rev_10,NA,NA,NA
29335290,2025_rev_7,2026_rev_10,NA,NA,NA
29335300,2025_rev_7,2026_rev_10,NA,NA,NA
29335400,2025_rev_7,2026_rev_10,NA,NA,NA
29335910,2025_rev_7,2026_rev_10,NA,NA,NA
29335915,2025_rev_7,2026_rev_10,NA,NA,NA
29335918,2025_rev_7,2026_rev_10,NA,NA,NA
29335921,2025_rev_7,2026_rev_10,NA,NA,NA
29335922,2025_rev_7,2026_rev_10,NA,NA,NA
29335936,2025_rev_7,2026_rev_10,NA,NA,NA
29335946,2025_rev_7,2026_rev_10,NA,NA,NA
29335953,2025_rev_7,2026_rev_10,NA,NA,NA
29335959,2025_rev_7,2026_rev_10,NA,NA,NA
29335970,2025_rev_7,2026_rev_10,NA,NA,NA
29335980,2025_rev_7,2026_rev_10,NA,NA,NA
29335985,2025_rev_7,2026_rev_10,NA,NA,NA
29335995,2025_rev_7,2026_rev_10,NA,NA,NA
29336960,2025_rev_7,2026_rev_10,NA,NA,NA
29337200,2025_rev_7,2026_rev_10,NA,NA,NA
29337908,2025_rev_7,2026_rev_10,NA,NA,NA
29337915,2025_rev_7,2026_rev_10,NA,NA,NA
29337985,2025_rev_7,2026_rev_10,NA,NA,NA
29339100,2025_rev_7,2026_rev_10,NA,NA,NA
29339901,2025_rev_7,2026_rev_10,NA,NA,NA
29339902,2025_rev_7,2026_rev_10,NA,NA,NA
29339905,2025_rev_7,2026_rev_10,NA,NA,NA
29339906,2025_rev_7,2026_rev_10,NA,NA,NA
29339908,2025_rev_7,2026_rev_10,NA,NA,NA
29339911,2025_rev_7,2026_rev_10,NA,NA,NA
29339912,2025_rev_7,2026_rev_10,NA,NA,NA
29339916,2025_rev_7,2026_rev_10,NA,NA,NA
29339917,2025_rev_7,2026_rev_10,NA,NA,NA
29339922,2025_rev_7,2026_rev_10,NA,NA,NA
29339924,2025_rev_7,2026_rev_10,NA,NA,NA
29339926,2025_rev_7,2026_rev_10,NA,NA,NA
29339942,2025_rev_7,2026_rev_10,NA,NA,NA
29339946,2025_rev_7,2026_rev_10,NA,NA,NA
29339951,2025_rev_7,2026_rev_10,NA,NA,NA
29339953,2025_rev_7,2026_rev_10,NA,NA,NA
29339955,2025_rev_7,2026_rev_10,NA,NA,NA
29339958,2025_rev_7,2026_rev_10,NA,NA,NA
29339961,2025_rev_7,2026_rev_10,NA,NA,NA
29339965,2025_rev_7,2026_rev_10,NA,NA,NA
29339970,2025_rev_7,2026_rev_10,NA,NA,NA
29339975,2025_rev_7,2026_rev_10,NA,NA,NA
29339979,2025_rev_7,2026_rev_10,NA,NA,NA
29339982,2025_rev_7,2026_rev_10,NA,NA,NA
29339985,2025_rev_7,2026_rev_10,NA,NA,NA
29339989,2025_rev_7,2026_rev_10,NA,NA,NA
29339990,2025_rev_7,2026_rev_10,NA,NA,NA
29339997,2025_rev_7,2026_rev_10,NA,NA,NA
29341010,2025_rev_7,2026_rev_10,NA,NA,NA
29341020,2025_rev_7,2026_rev_10,NA,NA,NA
29341090,2025_rev_7,2026_rev_10,NA,NA,NA
29342040,2025_rev_7,2026_rev_10,NA,NA,NA
29342080,2025_rev_7,2026_rev_10,NA,NA,NA
29343023,2025_rev_7,2026_rev_10,NA,NA,NA
29343027,2025_rev_7,2026_rev_10,NA,NA,NA
29343043,2025_rev_7,2026_rev_10,NA,NA,NA
29343050,2025_rev_7,2026_rev_10,NA,NA,NA
29349100,2025_rev_7,2026_rev_10,NA,NA,NA
29349200,2025_rev_7,2026_rev_10,NA,NA,NA
29349901,2025_rev_7,2026_rev_10,NA,NA,NA
29349903,2025_rev_7,2026_rev_10,NA,NA,NA
29349905,2025_rev_7,2026_rev_10,NA,NA,NA
29349906,2025_rev_7,2026_rev_10,NA,NA,NA
29349907,2025_rev_7,2026_rev_10,NA,NA,NA
29349908,2025_rev_7,2026_rev_10,NA,NA,NA
29349909,2025_rev_7,2026_rev_10,NA,NA,NA
29349911,2025_rev_7,2026_rev_10,NA,NA,NA
29349912,2025_rev_7,2026_rev_10,NA,NA,NA
29349915,2025_rev_7,2026_rev_10,NA,NA,NA
29349916,2025_rev_7,2026_rev_10,NA,NA,NA
29349918,2025_rev_7,2026_rev_10,NA,NA,NA
29349920,2025_rev_7,2026_rev_10,NA,NA,NA
29349930,2025_rev_7,2026_rev_10,NA,NA,NA
29349939,2025_rev_7,2026_rev_10,NA,NA,NA
29349944,2025_rev_7,2026_rev_10,NA,NA,NA
29349947,2025_rev_7,2026_rev_10,NA,NA,NA
29349970,2025_rev_7,2026_rev_10,NA,NA,NA
29349990,2025_rev_7,2026_rev_10,NA,NA,NA
29355000,2025_rev_7,2026_rev_10,NA,NA,NA
29359006,2025_rev_7,2026_rev_10,NA,NA,NA
29359010,2025_rev_7,2026_rev_10,NA,NA,NA
29359013,2025_rev_7,2026_rev_10,NA,NA,NA
29359015,2025_rev_7,2026_rev_10,NA,NA,NA
29359020,2025_rev_7,2026_rev_10,NA,NA,NA
29359030,2025_rev_7,2026_rev_10,NA,NA,NA
29359032,2025_rev_7,2026_rev_10,NA,NA,NA
29359033,2025_rev_7,2026_rev_10,NA,NA,NA
29359042,2025_rev_7,2026_rev_10,NA,NA,NA
29359048,2025_rev_7,2026_rev_10,NA,NA,NA
29359060,2025_rev_7,2026_rev_10,NA,NA,NA
29359075,2025_rev_7,2026_rev_10,NA,NA,NA
29359095,2025_rev_7,2026_rev_10,NA,NA,NA
29362100,2025_rev_7,2026_rev_10,NA,NA,NA
29362200,2025_rev_7,2026_rev_10,NA,NA,NA
29362300,2025_rev_7,2026_rev_10,NA,NA,NA
29362401,2025_rev_7,2026_rev_10,NA,NA,NA
29362500,2025_rev_7,2026_rev_10,NA,NA,NA
29362600,2025_rev_7,2026_rev_10,NA,NA,NA
29362700,2025_rev_7,2026_rev_10,NA,NA,NA
29362800,2025_rev_7,2026_rev_10,NA,NA,NA
29362910,2025_rev_7,2026_rev_10,NA,NA,NA
29362916,2025_rev_7,2026_rev_10,NA,NA,NA
29362920,2025_rev_7,2026_rev_10,NA,NA,NA
29362950,2025_rev_7,2026_rev_10,NA,NA,NA
29369001,2025_rev_7,2026_rev_10,NA,NA,NA
29371100,2025_rev_7,2026_rev_10,NA,NA,NA
29371200,2025_rev_7,2026_rev_10,NA,NA,NA
29371900,2025_rev_7,2026_rev_10,NA,NA,NA
29372100,2025_rev_7,2026_rev_10,NA,NA,NA
29372200,2025_rev_7,2026_rev_10,NA,NA,NA
29372310,2025_rev_7,2026_rev_10,NA,NA,NA
29372325,2025_rev_7,2026_rev_10,NA,NA,NA
29372350,2025_rev_7,2026_rev_10,NA,NA,NA
29372910,2025_rev_7,2026_rev_10,NA,NA,NA
29372990,2025_rev_7,2026_rev_10,NA,NA,NA
29375000,2025_rev_7,2026_rev_10,NA,NA,NA
29379005,2025_rev_7,2026_rev_10,NA,NA,NA
29379010,2025_rev_7,2026_rev_10,NA,NA,NA
29379020,2025_rev_7,2026_rev_10,NA,NA,NA
29379040,2025_rev_7,2026_rev_10,NA,NA,NA
29379045,2025_rev_7,2026_rev_10,NA,NA,NA
29379090,2025_rev_7,2026_rev_10,NA,NA,NA
29381000,2025_rev_7,2026_rev_10,NA,NA,NA
29389000,2025_rev_7,2026_rev_10,NA,NA,NA
29391100,2025_rev_7,2026_rev_10,NA,NA,NA
29391910,2025_rev_7,2026_rev_10,NA,NA,NA
29391920,2025_rev_7,2026_rev_10,NA,NA,NA
29391950,2025_rev_7,2026_rev_10,NA,NA,NA
29392000,2025_rev_7,2026_rev_10,NA,NA,NA
29393000,2025_rev_7,2026_rev_10,NA,NA,NA
29394100,2025_rev_7,2026_rev_10,NA,NA,NA
29394200,2025_rev_7,2026_rev_10,NA,NA,NA
29394400,2025_rev_7,2026_rev_10,NA,NA,NA
29394500,2025_rev_7,2026_rev_10,NA,NA,NA
29394903,2025_rev_7,2026_rev_10,NA,NA,NA
29395900,2025_rev_7,2026_rev_10,NA,NA,NA
29396200,2025_rev_7,2026_rev_10,NA,NA,NA
29396300,2025_rev_7,2026_rev_10,NA,NA,NA
29396900,2025_rev_7,2026_rev_10,NA,NA,NA
29397200,2025_rev_7,2026_rev_10,NA,NA,NA
29397900,2025_rev_7,2026_rev_10,NA,NA,NA
29398000,2025_rev_7,2026_rev_10,NA,NA,NA
29400060,2025_rev_7,2026_rev_10,NA,NA,NA
29411010,2025_rev_7,2026_rev_10,NA,NA,NA
29411020,2025_rev_7,2026_rev_10,NA,NA,NA
29411030,2025_rev_7,2026_rev_10,NA,NA,NA
29411050,2025_rev_7,2026_rev_10,NA,NA,NA
29412010,2025_rev_7,2026_rev_10,NA,NA,NA
29412050,2025_rev_7,2026_rev_10,NA,NA,NA
29413000,2025_rev_7,2026_rev_10,NA,NA,NA
29414000,2025_rev_7,2026_rev_10,NA,NA,NA
29415000,2025_rev_7,2026_rev_10,NA,NA,NA
29419010,2025_rev_7,2026_rev_10,NA,NA,NA
29419030,2025_rev_7,2026_rev_10,NA,NA,NA
29419050,2025_rev_7,2026_rev_10,NA,NA,NA
29420005,2025_rev_7,2026_rev_10,NA,NA,NA
29420035,2025_rev_7,2026_rev_10,NA,NA,NA
29420050,2025_rev_7,2026_rev_10,NA,NA,NA
30012000,2025_rev_7,2026_rev_10,NA,NA,NA
30019001,2025_rev_7,2026_rev_10,NA,NA,NA
30021200,2025_rev_7,2026_rev_10,NA,NA,NA
30021300,2025_rev_7,2026_rev_10,NA,NA,NA
30021400,2025_rev_7,2026_rev_10,NA,NA,NA
30021500,2025_rev_7,2026_rev_10,NA,NA,NA
30024100,2025_rev_7,2026_rev_10,NA,NA,NA
30024200,2025_rev_7,2026_rev_10,NA,NA,NA
30024900,2025_rev_7,2026_rev_10,NA,NA,NA
30025100,2025_rev_7,2026_rev_10,NA,NA,NA
30025900,2025_rev_7,2026_rev_10,NA,NA,NA
30029010,2025_rev_7,2026_rev_10,NA,NA,NA
30029052,2025_rev_7,2026_rev_10,NA,NA,NA
30031000,2025_rev_7,2026_rev_10,NA,NA,NA
30032000,2025_rev_7,2026_rev_10,NA,NA,NA
30033910,2025_rev_7,2026_rev_10,NA,NA,NA
30033950,2025_rev_7,2026_rev_10,NA,NA,NA
30034100,2025_rev_7,2026_rev_10,NA,NA,NA
30034200,2025_rev_7,2026_rev_10,NA,NA,NA
30034900,2025_rev_7,2026_rev_10,NA,NA,NA
30039001,2025_rev_7,2026_rev_10,NA,NA,NA
30041010,2025_rev_7,2026_rev_10,NA,NA,NA
30041050,2025_rev_7,2026_rev_10,NA,NA,NA
30042000,2025_rev_7,2026_rev_10,NA,NA,NA
30043100,2025_rev_7,2026_rev_10,NA,NA,NA
30043200,2025_rev_7,2026_rev_10,NA,NA,NA
30043900,2025_rev_7,2026_rev_10,NA,NA,NA
30044100,2025_rev_7,2026_rev_10,NA,NA,NA
30044200,2025_rev_7,2026_rev_10,NA,NA,NA
30044900,2025_rev_7,2026_rev_10,NA,NA,NA
30045010,2025_rev_7,2026_rev_10,NA,NA,NA
30045020,2025_rev_7,2026_rev_10,NA,NA,NA
30045030,2025_rev_7,2026_rev_10,NA,NA,NA
30045040,2025_rev_7,2026_rev_10,NA,NA,NA
30045050,2025_rev_7,2026_rev_10,NA,NA,NA
30046000,2025_rev_7,2026_rev_10,NA,NA,NA
30049010,2025_rev_7,2026_rev_10,NA,NA,NA
30049092,2025_rev_7,2026_rev_10,NA,NA,NA
30063010,2025_rev_7,2026_rev_10,NA,NA,NA
30063050,2025_rev_7,2026_rev_10,NA,NA,NA
30066000,2025_rev_7,2026_rev_10,NA,NA,NA
30067000,2025_rev_7,2026_rev_10,NA,NA,NA
30069310,2025_rev_7,2026_rev_10,NA,NA,NA
30069320,2025_rev_7,2026_rev_10,NA,NA,NA
30069350,2025_rev_7,2026_rev_10,NA,NA,NA
30069360,2025_rev_7,2026_rev_10,NA,NA,NA
30069380,2025_rev_7,2026_rev_10,NA,NA,NA
31010000,2025_rev_29,2026_rev_10,2025-11-13,NA,NA
31021000,2025_rev_29,2026_rev_10,2025-11-13,NA,NA
31022100,2025_rev_29,2026_rev_10,2025-11-13,NA,NA
31022900,2025_rev_29,2026_rev_10,2025-11-13,NA,NA
31023000,2025_rev_29,2026_rev_10,2025-11-13,NA,NA
31024000,2025_rev_29,2026_rev_10,2025-11-13,NA,NA
31025000,2025_rev_29,2026_rev_10,2025-11-13,NA,NA
31026000,2025_rev_29,2026_rev_10,2025-11-13,NA,NA
31028000,2025_rev_29,2026_rev_10,2025-11-13,NA,NA
31029001,2025_rev_29,2026_rev_10,2025-11-13,NA,NA
31031100,2025_rev_29,2026_rev_10,2025-11-13,NA,NA
31031900,2025_rev_29,2026_rev_10,2025-11-13,NA,NA
31039001,2025_rev_29,2026_rev_10,2025-11-13,NA,NA
31042000,2025_rev_7,2026_rev_10,NA,NA,NA
31043000,2025_rev_7,2026_rev_10,NA,NA,NA
31049001,2025_rev_7,2026_rev_10,NA,NA,NA
31051000,2025_rev_7,2026_rev_10,NA,NA,NA
31052000,2025_rev_7,2026_rev_10,NA,NA,NA
31053000,2025_rev_29,2026_rev_10,2025-11-13,NA,NA
31054000,2025_rev_29,2026_rev_10,2025-11-13,NA,NA
31055100,2025_rev_29,2026_rev_10,2025-11-13,NA,NA
31055900,2025_rev_29,2026_rev_10,2025-11-13,NA,NA
31056000,2025_rev_7,2026_rev_10,NA,NA,NA
31059000,2025_rev_29,2026_rev_10,2025-11-13,NA,NA
32030080,2025_rev_7,2026_rev_10,NA,NA,NA
32041380,2025_rev_7,2026_rev_10,NA,NA,NA
32041720,2025_rev_7,2026_rev_10,NA,NA,NA
32041800,2025_rev_7,2026_rev_10,NA,NA,NA
32061100,2025_rev_7,2026_rev_10,NA,NA,NA
32061900,2025_rev_7,2026_rev_10,NA,NA,NA
34024210,2025_rev_7,2026_rev_10,NA,NA,NA
34024220,2025_rev_7,2026_rev_10,NA,NA,NA
34024290,2025_rev_7,2026_rev_10,NA,NA,NA
36069030,2025_rev_7,2026_rev_10,NA,NA,NA
38089410,2025_rev_7,2026_rev_10,NA,NA,NA
38089450,2025_rev_7,2026_rev_10,NA,NA,NA
38180000,2025_rev_7,2026_rev_10,NA,NA,NA
38249100,2025_rev_7,2026_rev_10,NA,NA,NA
38249929,2025_rev_7,2026_rev_10,NA,NA,NA
38249949,2025_rev_7,2026_rev_10,NA,NA,NA
38249955,2025_rev_7,2026_rev_10,NA,NA,NA
38249993,2025_rev_7,2025_rev_21,NA,2025_rev_22,2025-09-07
39019090,2025_rev_7,2026_rev_10,NA,NA,NA
39029000,2025_rev_7,2026_rev_10,NA,NA,NA
39046100,2025_rev_7,2026_rev_10,NA,NA,NA
39059110,2025_rev_7,2026_rev_10,NA,NA,NA
39059980,2025_rev_7,2026_rev_10,NA,NA,NA
39069050,2025_rev_7,2026_rev_10,NA,NA,NA
39071000,2025_rev_7,2026_rev_10,NA,NA,NA
39072100,2025_rev_7,2026_rev_10,NA,NA,NA
39072900,2025_rev_7,2025_rev_21,NA,2025_rev_22,2025-09-07
39073000,2025_rev_7,2025_rev_21,NA,2025_rev_22,2025-09-07
39076100,2025_rev_7,2025_rev_21,NA,2025_rev_22,2025-09-07
39076900,2025_rev_7,2025_rev_21,NA,2025_rev_22,2025-09-07
39077000,2025_rev_7,2026_rev_10,NA,NA,NA
39079950,2025_rev_7,2025_rev_21,NA,2025_rev_22,2025-09-07
39081000,2025_rev_7,2026_rev_10,NA,NA,NA
39100000,2025_rev_7,2025_rev_21,NA,2025_rev_22,2025-09-07
39119025,2025_rev_7,2026_rev_10,NA,NA,NA
39119091,2025_rev_7,2026_rev_10,NA,NA,NA
39123100,2025_rev_7,2026_rev_10,NA,NA,NA
39123900,2025_rev_7,2026_rev_10,NA,NA,NA
39129000,2025_rev_7,2026_rev_10,NA,NA,NA
39139020,2025_rev_7,2026_rev_10,NA,NA,NA
39139050,2025_rev_7,2026_rev_10,NA,NA,NA
39140060,2025_rev_7,2026_rev_10,NA,NA,NA
40011000,2025_rev_7,2026_rev_10,NA,NA,NA
40012100,2025_rev_7,2026_rev_10,NA,NA,NA
40012200,2025_rev_7,2026_rev_10,NA,NA,NA
40012900,2025_rev_7,2026_rev_10,NA,NA,NA
40013000,2025_rev_7,2026_rev_10,NA,NA,NA
44011100,2025_rev_7,2025_rev_24,NA,2025_rev_25,2025-10-13
44011200,2025_rev_7,2025_rev_24,NA,2025_rev_25,2025-10-13
44012100,2025_rev_7,2025_rev_24,NA,2025_rev_25,2025-10-13
44012200,2025_rev_7,2025_rev_24,NA,2025_rev_25,2025-10-13
44013100,2025_rev_7,2025_rev_24,NA,2025_rev_25,2025-10-13
44013200,2025_rev_7,2025_rev_24,NA,2025_rev_25,2025-10-13
44013942,2025_rev_7,2025_rev_24,NA,2025_rev_25,2025-10-13
44014100,2025_rev_7,2025_rev_24,NA,2025_rev_25,2025-10-13
44014900,2025_rev_7,2025_rev_24,NA,2025_rev_25,2025-10-13
44021000,2025_rev_7,2025_rev_24,NA,2025_rev_25,2025-10-13
44022000,2025_rev_7,2025_rev_24,NA,2025_rev_25,2025-10-13
44029001,2025_rev_7,2025_rev_24,NA,2025_rev_25,2025-10-13
44031100,2025_rev_7,2025_rev_24,NA,2025_rev_25,2025-10-13
44031200,2025_rev_7,2025_rev_24,NA,2025_rev_25,2025-10-13
44032101,2025_rev_7,2025_rev_24,NA,2025_rev_25,2025-10-13
44032201,2025_rev_7,2025_rev_24,NA,2025_rev_25,2025-10-13
44032301,2025_rev_7,2025_rev_24,NA,2025_rev_25,2025-10-13
44032401,2025_rev_7,2025_rev_24,NA,2025_rev_25,2025-10-13
44032501,2025_rev_7,2025_rev_24,NA,2025_rev_25,2025-10-13
44032601,2025_rev_7,2025_rev_24,NA,2025_rev_25,2025-10-13
44034200,2025_rev_7,2026_rev_10,NA,NA,NA
44034902,2025_rev_7,2026_rev_10,NA,NA,NA
44039100,2025_rev_7,2025_rev_24,NA,2025_rev_25,2025-10-13
44039301,2025_rev_7,2025_rev_24,NA,2025_rev_25,2025-10-13
44039401,2025_rev_7,2025_rev_24,NA,2025_rev_25,2025-10-13
44039501,2025_rev_7,2025_rev_24,NA,2025_rev_25,2025-10-13
44039601,2025_rev_7,2025_rev_24,NA,2025_rev_25,2025-10-13
44039700,2025_rev_7,2025_rev_24,NA,2025_rev_25,2025-10-13
44039800,2025_rev_7,2025_rev_24,NA,2025_rev_25,2025-10-13
44039901,2025_rev_7,2025_rev_24,NA,2025_rev_25,2025-10-13
44041000,2025_rev_7,2025_rev_24,NA,2025_rev_25,2025-10-13
44042000,2025_rev_7,2025_rev_24,NA,2025_rev_25,2025-10-13
44050000,2025_rev_7,2025_rev_24,NA,2025_rev_25,2025-10-13
44061100,2025_rev_7,2025_rev_24,NA,2025_rev_25,2025-10-13
44061200,2025_rev_7,2025_rev_24,NA,2025_rev_25,2025-10-13
44069100,2025_rev_7,2025_rev_24,NA,2025_rev_25,2025-10-13
44069200,2025_rev_7,2025_rev_24,NA,2025_rev_25,2025-10-13
44071100,2025_rev_7,2025_rev_24,NA,2025_rev_25,2025-10-13
44071200,2025_rev_7,2025_rev_24,NA,2025_rev_25,2025-10-13
44071300,2025_rev_7,2025_rev_24,NA,2025_rev_25,2025-10-13
44071400,2025_rev_7,2025_rev_24,NA,2025_rev_25,2025-10-13
44071900,2025_rev_7,2025_rev_24,NA,2025_rev_25,2025-10-13
44072100,2025_rev_7,2026_rev_10,NA,NA,NA
44072200,2025_rev_7,2026_rev_10,NA,NA,NA
44072301,2025_rev_7,2026_rev_10,NA,NA,NA
44072500,2025_rev_7,2026_rev_10,NA,NA,NA
44072600,2025_rev_7,2026_rev_10,NA,NA,NA
44072700,2025_rev_7,2026_rev_10,NA,NA,NA
44072800,2025_rev_7,2026_rev_10,NA,NA,NA
44072902,2025_rev_7,2026_rev_10,NA,NA,NA
44079100,2025_rev_7,2025_rev_24,NA,2025_rev_25,2025-10-13
44079200,2025_rev_7,2025_rev_24,NA,2025_rev_25,2025-10-13
44079300,2025_rev_7,2025_rev_24,NA,2025_rev_25,2025-10-13
44079400,2025_rev_7,2025_rev_24,NA,2025_rev_25,2025-10-13
44079500,2025_rev_7,2025_rev_24,NA,2025_rev_25,2025-10-13
44079600,2025_rev_7,2025_rev_24,NA,2025_rev_25,2025-10-13
44079700,2025_rev_7,2025_rev_24,NA,2025_rev_25,2025-10-13
44079902,2025_rev_7,2025_rev_24,NA,2025_rev_25,2025-10-13
44081001,2025_rev_7,2025_rev_24,NA,2025_rev_25,2025-10-13
44083101,2025_rev_7,2026_rev_10,NA,NA,NA
44083902,2025_rev_7,2026_rev_10,NA,NA,NA
44089001,2025_rev_7,2025_rev_24,NA,2025_rev_25,2025-10-13
44091005,2025_rev_7,2025_rev_24,NA,2025_rev_25,2025-10-13
44091010,2025_rev_7,2025_rev_24,NA,2025_rev_25,2025-10-13
44091020,2025_rev_7,2025_rev_24,NA,2025_rev_25,2025-10-13
44091040,2025_rev_7,2025_rev_24,NA,2025_rev_25,2025-10-13
44091045,2025_rev_7,2025_rev_24,NA,2025_rev_25,2025-10-13
44091050,2025_rev_7,2025_rev_24,NA,2025_rev_25,2025-10-13
44091060,2025_rev_7,2025_rev_24,NA,2025_rev_25,2025-10-13
44091065,2025_rev_7,2025_rev_24,NA,2025_rev_25,2025-10-13
44091090,2025_rev_7,2025_rev_24,NA,2025_rev_25,2025-10-13
44092105,2025_rev_7,2025_rev_24,NA,2025_rev_25,2025-10-13
44092190,2025_rev_7,2025_rev_24,NA,2025_rev_25,2025-10-13
44092205,2025_rev_7,2025_rev_24,NA,2025_rev_25,2025-10-13
44092210,2025_rev_7,2025_rev_24,NA,2025_rev_25,2025-10-13
44092225,2025_rev_7,2025_rev_24,NA,2025_rev_25,2025-10-13
44092240,2025_rev_7,2025_rev_24,NA,2025_rev_25,2025-10-13
44092250,2025_rev_7,2025_rev_24,NA,2025_rev_25,2025-10-13
44092260,2025_rev_7,2025_rev_24,NA,2025_rev_25,2025-10-13
44092265,2025_rev_7,2025_rev_24,NA,2025_rev_25,2025-10-13
44092290,2025_rev_7,2025_rev_24,NA,2025_rev_25,2025-10-13
44092906,2025_rev_7,2025_rev_24,NA,2025_rev_25,2025-10-13
44092911,2025_rev_7,2025_rev_24,NA,2025_rev_25,2025-10-13
44092926,2025_rev_7,2025_rev_24,NA,2025_rev_25,2025-10-13
44092941,2025_rev_7,2025_rev_24,NA,2025_rev_25,2025-10-13
44092951,2025_rev_7,2025_rev_24,NA,2025_rev_25,2025-10-13
44092961,2025_rev_7,2025_rev_24,NA,2025_rev_25,2025-10-13
44092966,2025_rev_7,2025_rev_24,NA,2025_rev_25,2025-10-13
44092991,2025_rev_7,2025_rev_24,NA,2025_rev_25,2025-10-13
44101100,2025_rev_7,2025_rev_24,NA,2025_rev_25,2025-10-13
44101200,2025_rev_7,2025_rev_24,NA,2025_rev_25,2025-10-13
44101900,2025_rev_7,2025_rev_24,NA,2025_rev_25,2025-10-13
44109000,2025_rev_7,2025_rev_24,NA,2025_rev_25,2025-10-13
44111210,2025_rev_7,2025_rev_24,NA,2025_rev_25,2025-10-13
44111220,2025_rev_7,2025_rev_24,NA,2025_rev_25,2025-10-13
44111230,2025_rev_7,2025_rev_24,NA,2025_rev_25,2025-10-13
44111260,2025_rev_7,2025_rev_24,NA,2025_rev_25,2025-10-13
44111290,2025_rev_7,2025_rev_24,NA,2025_rev_25,2025-10-13
44111310,2025_rev_7,2025_rev_24,NA,2025_rev_25,2025-10-13
44111320,2025_rev_7,2025_rev_24,NA,2025_rev_25,2025-10-13
44111330,2025_rev_7,2025_rev_24,NA,2025_rev_25,2025-10-13
44111360,2025_rev_7,2025_rev_24,NA,2025_rev_25,2025-10-13
44111390,2025_rev_7,2025_rev_24,NA,2025_rev_25,2025-10-13
44111410,2025_rev_7,2025_rev_24,NA,2025_rev_25,2025-10-13
44111420,2025_rev_7,2025_rev_24,NA,2025_rev_25,2025-10-13
44111430,2025_rev_7,2025_rev_24,NA,2025_rev_25,2025-10-13
44111460,2025_rev_7,2025_rev_24,NA,2025_rev_25,2025-10-13
44111490,2025_rev_7,2025_rev_24,NA,2025_rev_25,2025-10-13
44119210,2025_rev_7,2025_rev_24,NA,2025_rev_25,2025-10-13
44119220,2025_rev_7,2025_rev_24,NA,2025_rev_25,2025-10-13
44119230,2025_rev_7,2025_rev_24,NA,2025_rev_25,2025-10-13
44119240,2025_rev_7,2025_rev_24,NA,2025_rev_25,2025-10-13
44119310,2025_rev_7,2025_rev_24,NA,2025_rev_25,2025-10-13
44119320,2025_rev_7,2025_rev_24,NA,2025_rev_25,2025-10-13
44119330,2025_rev_7,2025_rev_24,NA,2025_rev_25,2025-10-13
44119360,2025_rev_7,2025_rev_24,NA,2025_rev_25,2025-10-13
44119390,2025_rev_7,2025_rev_24,NA,2025_rev_25,2025-10-13
44119400,2025_rev_7,2025_rev_24,NA,2025_rev_25,2025-10-13
44121005,2025_rev_7,2025_rev_24,NA,2025_rev_25,2025-10-13
44121090,2025_rev_7,2025_rev_24,NA,2025_rev_25,2025-10-13
44123106,2025_rev_7,2025_rev_24,NA,2025_rev_25,2025-10-13
44123126,2025_rev_7,2025_rev_24,NA,2025_rev_25,2025-10-13
44123142,2025_rev_7,2025_rev_24,NA,2025_rev_25,2025-10-13
44123145,2025_rev_7,2025_rev_24,NA,2025_rev_25,2025-10-13
44123148,2025_rev_7,2025_rev_24,NA,2025_rev_25,2025-10-13
44123152,2025_rev_7,2025_rev_24,NA,2025_rev_25,2025-10-13
44123161,2025_rev_7,2025_rev_24,NA,2025_rev_25,2025-10-13
44123192,2025_rev_7,2025_rev_24,NA,2025_rev_25,2025-10-13
44123306,2025_rev_7,2025_rev_24,NA,2025_rev_25,2025-10-13
44123326,2025_rev_7,2025_rev_24,NA,2025_rev_25,2025-10-13
44123332,2025_rev_7,2025_rev_24,NA,2025_rev_25,2025-10-13
44123357,2025_rev_7,2025_rev_24,NA,2025_rev_25,2025-10-13
44123426,2025_rev_7,2025_rev_24,NA,2025_rev_25,2025-10-13
44123432,2025_rev_7,2025_rev_24,NA,2025_rev_25,2025-10-13
44123457,2025_rev_7,2025_rev_24,NA,2025_rev_25,2025-10-13
44123910,2025_rev_7,2025_rev_24,NA,2025_rev_25,2025-10-13
44123930,2025_rev_7,2025_rev_24,NA,2025_rev_25,2025-10-13
44123940,2025_rev_7,2025_rev_24,NA,2025_rev_25,2025-10-13
44123950,2025_rev_7,2025_rev_24,NA,2025_rev_25,2025-10-13
44124100,2025_rev_7,2025_rev_24,NA,2025_rev_25,2025-10-13
44124200,2025_rev_7,2025_rev_24,NA,2025_rev_25,2025-10-13
44124900,2025_rev_7,2025_rev_24,NA,2025_rev_25,2025-10-13
44125110,2025_rev_7,2025_rev_24,NA,2025_rev_25,2025-10-13
44125131,2025_rev_7,2025_rev_24,NA,2025_rev_25,2025-10-13
44125141,2025_rev_7,2025_rev_24,NA,2025_rev_25,2025-10-13
44125151,2025_rev_7,2025_rev_24,NA,2025_rev_25,2025-10-13
44125210,2025_rev_7,2025_rev_24,NA,2025_rev_25,2025-10-13
44125231,2025_rev_7,2025_rev_24,NA,2025_rev_25,2025-10-13
44125241,2025_rev_7,2025_rev_24,NA,2025_rev_25,2025-10-13
44125251,2025_rev_7,2025_rev_24,NA,2025_rev_25,2025-10-13
44125980,2025_rev_7,2025_rev_24,NA,2025_rev_25,2025-10-13
44125990,2025_rev_7,2025_rev_24,NA,2025_rev_25,2025-10-13
44125995,2025_rev_7,2025_rev_24,NA,2025_rev_25,2025-10-13
44129106,2025_rev_7,2025_rev_24,NA,2025_rev_25,2025-10-13
44129110,2025_rev_7,2025_rev_24,NA,2025_rev_25,2025-10-13
44129131,2025_rev_7,2025_rev_24,NA,2025_rev_25,2025-10-13
44129141,2025_rev_7,2025_rev_24,NA,2025_rev_25,2025-10-13
44129151,2025_rev_7,2025_rev_24,NA,2025_rev_25,2025-10-13
44129207,2025_rev_7,2025_rev_24,NA,2025_rev_25,2025-10-13
44129211,2025_rev_7,2025_rev_24,NA,2025_rev_25,2025-10-13
44129231,2025_rev_7,2025_rev_24,NA,2025_rev_25,2025-10-13
44129242,2025_rev_7,2025_rev_24,NA,2025_rev_25,2025-10-13
44129252,2025_rev_7,2025_rev_24,NA,2025_rev_25,2025-10-13
44129958,2025_rev_7,2025_rev_24,NA,2025_rev_25,2025-10-13
44129961,2025_rev_7,2025_rev_24,NA,2025_rev_25,2025-10-13
44129971,2025_rev_7,2025_rev_24,NA,2025_rev_25,2025-10-13
44129981,2025_rev_7,2025_rev_24,NA,2025_rev_25,2025-10-13
44129991,2025_rev_7,2025_rev_24,NA,2025_rev_25,2025-10-13
44129997,2025_rev_7,2025_rev_24,NA,2025_rev_25,2025-10-13
44130000,2025_rev_7,2025_rev_24,NA,2025_rev_25,2025-10-13
47031100,2025_rev_22,2026_rev_10,2025-09-08,NA,NA
47032100,2025_rev_22,2026_rev_10,2025-09-08,NA,NA
47032900,2025_rev_22,2026_rev_10,2025-09-08,NA,NA
48202000,2025_rev_7,2026_rev_10,NA,NA,NA
49011000,2025_rev_7,2026_rev_10,NA,NA,NA
49019100,2025_rev_7,2026_rev_10,NA,NA,NA
49019900,2025_rev_7,2026_rev_10,NA,NA,NA
49021000,2025_rev_7,2026_rev_10,NA,NA,NA
49029010,2025_rev_7,2026_rev_10,NA,NA,NA
49029020,2025_rev_7,2026_rev_10,NA,NA,NA
49030000,2025_rev_7,2026_rev_10,NA,NA,NA
49040000,2025_rev_7,2026_rev_10,NA,NA,NA
49052000,2025_rev_7,2026_rev_10,NA,NA,NA
49059020,2025_rev_7,2026_rev_10,NA,NA,NA
49059060,2025_rev_7,2026_rev_10,NA,NA,NA
49060000,2025_rev_7,2026_rev_10,NA,NA,NA
49111000,2025_rev_7,2026_rev_10,NA,NA,NA
49119960,2025_rev_7,2026_rev_10,NA,NA,NA
49119980,2025_rev_7,2026_rev_10,NA,NA,NA
71069110,2025_rev_7,2026_rev_10,NA,NA,NA
71081100,2025_rev_22,2026_rev_10,2025-09-08,NA,NA
71081210,2025_rev_7,2026_rev_10,NA,NA,NA
71081250,2025_rev_22,2026_rev_10,2025-09-08,NA,NA
71081310,2025_rev_22,2026_rev_10,2025-09-08,NA,NA
71081355,2025_rev_22,2026_rev_10,2025-09-08,NA,NA
71081370,2025_rev_22,2026_rev_10,2025-09-08,NA,NA
71082000,2025_rev_22,2026_rev_10,2025-09-08,NA,NA
71101100,2025_rev_7,2026_rev_10,NA,NA,NA
71101900,2025_rev_7,2026_rev_10,NA,NA,NA
71102100,2025_rev_7,2026_rev_10,NA,NA,NA
71102900,2025_rev_7,2026_rev_10,NA,NA,NA
71103100,2025_rev_7,2026_rev_10,NA,NA,NA
71103900,2025_rev_7,2026_rev_10,NA,NA,NA
71104100,2025_rev_7,2026_rev_10,NA,NA,NA
71104900,2025_rev_7,2026_rev_10,NA,NA,NA
71129201,2025_rev_7,2026_rev_10,NA,NA,NA
71159005,2025_rev_22,2026_rev_10,2025-09-08,NA,NA
71159030,2025_rev_22,2026_rev_10,2025-09-08,NA,NA
71189000,2025_rev_7,2026_rev_10,NA,NA,NA
72021110,2025_rev_7,2026_rev_10,NA,NA,NA
72021150,2025_rev_7,2026_rev_10,NA,NA,NA
72021910,2025_rev_7,2026_rev_10,NA,NA,NA
72021950,2025_rev_7,2026_rev_10,NA,NA,NA
72023000,2025_rev_7,2026_rev_10,NA,NA,NA
72024100,2025_rev_7,2026_rev_10,NA,NA,NA
72024910,2025_rev_7,2026_rev_10,NA,NA,NA
72024950,2025_rev_7,2026_rev_10,NA,NA,NA
72025000,2025_rev_7,2026_rev_10,NA,NA,NA
72026000,2025_rev_22,2026_rev_10,2025-09-08,NA,NA
72028000,2025_rev_7,2026_rev_10,NA,NA,NA
72029100,2025_rev_7,2026_rev_10,NA,NA,NA
72029340,2025_rev_7,2026_rev_10,NA,NA,NA
72029380,2025_rev_7,2026_rev_10,NA,NA,NA
72042100,2025_rev_7,2026_rev_10,NA,NA,NA
74010000,2025_rev_7,2026_rev_10,NA,NA,NA
74020000,2025_rev_7,2026_rev_10,NA,NA,NA
74031100,2025_rev_7,2026_rev_10,NA,NA,NA
74031200,2025_rev_7,2026_rev_10,NA,NA,NA
74031300,2025_rev_7,2026_rev_10,NA,NA,NA
74031900,2025_rev_7,2026_rev_10,NA,NA,NA
74032100,2025_rev_7,2026_rev_10,NA,NA,NA
74032200,2025_rev_7,2026_rev_10,NA,NA,NA
74032901,2025_rev_7,2026_rev_10,NA,NA,NA
74040030,2025_rev_7,2026_rev_10,NA,NA,NA
74040060,2025_rev_7,2026_rev_10,NA,NA,NA
74050010,2025_rev_7,2026_rev_10,NA,NA,NA
74050060,2025_rev_7,2026_rev_10,NA,NA,NA
74061000,2025_rev_7,2025_rev_16,NA,2025_rev_17,2025-07-31
74062000,2025_rev_7,2025_rev_16,NA,2025_rev_17,2025-07-31
74071015,2025_rev_7,2025_rev_16,NA,2025_rev_17,2025-07-31
74071030,2025_rev_7,2025_rev_16,NA,2025_rev_17,2025-07-31
74071050,2025_rev_7,2025_rev_16,NA,2025_rev_17,2025-07-31
74072115,2025_rev_7,2025_rev_16,NA,2025_rev_17,2025-07-31
74072130,2025_rev_7,2025_rev_16,NA,2025_rev_17,2025-07-31
74072150,2025_rev_7,2025_rev_16,NA,2025_rev_17,2025-07-31
74072170,2025_rev_7,2025_rev_16,NA,2025_rev_17,2025-07-31
74072190,2025_rev_7,2025_rev_16,NA,2025_rev_17,2025-07-31
74072916,2025_rev_7,2025_rev_16,NA,2025_rev_17,2025-07-31
74072934,2025_rev_7,2025_rev_16,NA,2025_rev_17,2025-07-31
74072938,2025_rev_7,2025_rev_16,NA,2025_rev_17,2025-07-31
74072940,2025_rev_7,2025_rev_16,NA,2025_rev_17,2025-07-31
74072950,2025_rev_7,2025_rev_16,NA,2025_rev_17,2025-07-31
74081130,2025_rev_7,2025_rev_16,NA,2025_rev_17,2025-07-31
74081160,2025_rev_7,2025_rev_16,NA,2025_rev_17,2025-07-31
74081900,2025_rev_7,2025_rev_16,NA,2025_rev_17,2025-07-31
74082100,2025_rev_7,2025_rev_16,NA,2025_rev_17,2025-07-31
74082210,2025_rev_7,2025_rev_16,NA,2025_rev_17,2025-07-31
74082250,2025_rev_7,2025_rev_16,NA,2025_rev_17,2025-07-31
74082910,2025_rev_7,2025_rev_16,NA,2025_rev_17,2025-07-31
74082950,2025_rev_7,2025_rev_16,NA,2025_rev_17,2025-07-31
74091110,2025_rev_7,2025_rev_16,NA,2025_rev_17,2025-07-31
74091150,2025_rev_7,2025_rev_16,NA,2025_rev_17,2025-07-31
74091910,2025_rev_7,2025_rev_16,NA,2025_rev_17,2025-07-31
74091950,2025_rev_7,2025_rev_16,NA,2025_rev_17,2025-07-31
74091990,2025_rev_7,2025_rev_16,NA,2025_rev_17,2025-07-31
74092100,2025_rev_7,2025_rev_16,NA,2025_rev_17,2025-07-31
74092900,2025_rev_7,2025_rev_16,NA,2025_rev_17,2025-07-31
74093110,2025_rev_7,2025_rev_16,NA,2025_rev_17,2025-07-31
74093150,2025_rev_7,2025_rev_16,NA,2025_rev_17,2025-07-31
74093190,2025_rev_7,2025_rev_16,NA,2025_rev_17,2025-07-31
74093910,2025_rev_7,2025_rev_16,NA,2025_rev_17,2025-07-31
74093950,2025_rev_7,2025_rev_16,NA,2025_rev_17,2025-07-31
74093990,2025_rev_7,2025_rev_16,NA,2025_rev_17,2025-07-31
74094000,2025_rev_7,2025_rev_16,NA,2025_rev_17,2025-07-31
74099010,2025_rev_7,2025_rev_16,NA,2025_rev_17,2025-07-31
74099050,2025_rev_7,2025_rev_16,NA,2025_rev_17,2025-07-31
74099090,2025_rev_7,2025_rev_16,NA,2025_rev_17,2025-07-31
74101100,2025_rev_7,2025_rev_16,NA,2025_rev_17,2025-07-31
74101200,2025_rev_7,2025_rev_16,NA,2025_rev_17,2025-07-31
74102130,2025_rev_7,2025_rev_16,NA,2025_rev_17,2025-07-31
74102160,2025_rev_7,2025_rev_16,NA,2025_rev_17,2025-07-31
74102200,2025_rev_7,2025_rev_16,NA,2025_rev_17,2025-07-31
74111010,2025_rev_7,2025_rev_16,NA,2025_rev_17,2025-07-31
74111050,2025_rev_7,2025_rev_16,NA,2025_rev_17,2025-07-31
74112110,2025_rev_7,2025_rev_16,NA,2025_rev_17,2025-07-31
74112150,2025_rev_7,2025_rev_16,NA,2025_rev_17,2025-07-31
74112200,2025_rev_7,2025_rev_16,NA,2025_rev_17,2025-07-31
74112910,2025_rev_7,2025_rev_16,NA,2025_rev_17,2025-07-31
74112950,2025_rev_7,2025_rev_16,NA,2025_rev_17,2025-07-31
74121000,2025_rev_7,2025_rev_16,NA,2025_rev_17,2025-07-31
74122000,2025_rev_7,2025_rev_16,NA,2025_rev_17,2025-07-31
74130010,2025_rev_7,2025_rev_16,NA,2025_rev_17,2025-07-31
74130050,2025_rev_7,2025_rev_16,NA,2025_rev_17,2025-07-31
74130090,2025_rev_7,2025_rev_16,NA,2025_rev_17,2025-07-31
74151000,2025_rev_7,2025_rev_16,NA,2025_rev_17,2025-07-31
74152100,2025_rev_7,2025_rev_16,NA,2025_rev_17,2025-07-31
74152900,2025_rev_7,2025_rev_16,NA,2025_rev_17,2025-07-31
74153305,2025_rev_7,2025_rev_16,NA,2025_rev_17,2025-07-31
74153310,2025_rev_7,2025_rev_16,NA,2025_rev_17,2025-07-31
74153380,2025_rev_7,2025_rev_16,NA,2025_rev_17,2025-07-31
74153900,2025_rev_7,2025_rev_16,NA,2025_rev_17,2025-07-31
74181000,2025_rev_7,2025_rev_16,NA,2025_rev_17,2025-07-31
74182010,2025_rev_7,2025_rev_16,NA,2025_rev_17,2025-07-31
74182050,2025_rev_7,2025_rev_16,NA,2025_rev_17,2025-07-31
74192000,2025_rev_7,2025_rev_16,NA,2025_rev_17,2025-07-31
74198003,2025_rev_7,2025_rev_16,NA,2025_rev_17,2025-07-31
74198006,2025_rev_7,2025_rev_16,NA,2025_rev_17,2025-07-31
74198009,2025_rev_7,2025_rev_16,NA,2025_rev_17,2025-07-31
74198015,2025_rev_7,2025_rev_16,NA,2025_rev_17,2025-07-31
74198016,2025_rev_7,2025_rev_16,NA,2025_rev_17,2025-07-31
74198017,2025_rev_7,2025_rev_16,NA,2025_rev_17,2025-07-31
74198030,2025_rev_7,2025_rev_16,NA,2025_rev_17,2025-07-31
74198050,2025_rev_7,2025_rev_16,NA,2025_rev_17,2025-07-31
75011000,2025_rev_22,2026_rev_10,2025-09-08,NA,NA
75021000,2025_rev_22,2026_rev_10,2025-09-08,NA,NA
75022000,2025_rev_22,2026_rev_10,2025-09-08,NA,NA
75030000,2025_rev_22,2026_rev_10,2025-09-08,NA,NA
75040000,2025_rev_22,2026_rev_10,2025-09-08,NA,NA
75089050,2025_rev_7,2026_rev_10,NA,NA,NA
79011100,2025_rev_7,2026_rev_10,NA,NA,NA
79011210,2025_rev_7,2026_rev_10,NA,NA,NA
79011250,2025_rev_7,2026_rev_10,NA,NA,NA
79012000,2025_rev_7,2026_rev_10,NA,NA,NA
79020000,2025_rev_7,2026_rev_10,NA,NA,NA
79039030,2025_rev_22,2026_rev_10,2025-09-08,NA,NA
79070060,2025_rev_7,2026_rev_10,NA,NA,NA
80011000,2025_rev_7,2026_rev_10,NA,NA,NA
80012000,2025_rev_7,2026_rev_10,NA,NA,NA
80020000,2025_rev_7,2026_rev_10,NA,NA,NA
80070050,2025_rev_7,2026_rev_10,NA,NA,NA
81011000,2025_rev_7,2026_rev_10,NA,NA,NA
81019700,2025_rev_7,2026_rev_10,NA,NA,NA
81032000,2025_rev_7,2026_rev_10,NA,NA,NA
81033000,2025_rev_7,2026_rev_10,NA,NA,NA
81039100,2025_rev_7,2026_rev_10,NA,NA,NA
81039900,2025_rev_7,2026_rev_10,NA,NA,NA
81041100,2025_rev_7,2026_rev_10,NA,NA,NA
81041900,2025_rev_7,2026_rev_10,NA,NA,NA
81042000,2025_rev_7,2026_rev_10,NA,NA,NA
81043000,2025_rev_7,2026_rev_10,NA,NA,NA
81049000,2025_rev_7,2026_rev_10,NA,NA,NA
81052030,2025_rev_7,2026_rev_10,NA,NA,NA
81052060,2025_rev_7,2026_rev_10,NA,NA,NA
81052090,2025_rev_7,2026_rev_10,NA,NA,NA
81053000,2025_rev_7,2026_rev_10,NA,NA,NA
81059000,2025_rev_7,2026_rev_10,NA,NA,NA
81061000,2025_rev_7,2026_rev_10,NA,NA,NA
81069000,2025_rev_7,2026_rev_10,NA,NA,NA
81082000,2025_rev_7,2026_rev_10,NA,NA,NA
81083000,2025_rev_7,2026_rev_10,NA,NA,NA
81089030,2025_rev_7,2026_rev_10,NA,NA,NA
81089060,2025_rev_7,2026_rev_10,NA,NA,NA
81101000,2025_rev_7,2026_rev_10,NA,NA,NA
81102000,2025_rev_7,2026_rev_10,NA,NA,NA
81109000,2025_rev_7,2026_rev_10,NA,NA,NA
81110047,2025_rev_7,2026_rev_10,NA,NA,NA
81110049,2025_rev_7,2026_rev_10,NA,NA,NA
81122100,2025_rev_7,2026_rev_10,NA,NA,NA
81122200,2025_rev_7,2026_rev_10,NA,NA,NA
81122900,2025_rev_7,2026_rev_10,NA,NA,NA
81124110,2025_rev_7,2026_rev_10,NA,NA,NA
81124150,2025_rev_7,2026_rev_10,NA,NA,NA
81124900,2025_rev_7,2026_rev_10,NA,NA,NA
81125900,2025_rev_7,2026_rev_10,NA,NA,NA
81129210,2025_rev_7,2026_rev_10,NA,NA,NA
81129230,2025_rev_7,2026_rev_10,NA,NA,NA
81129240,2025_rev_7,2026_rev_10,NA,NA,NA
81129260,2025_rev_7,2026_rev_10,NA,NA,NA
81129265,2025_rev_7,2026_rev_10,NA,NA,NA
81129910,2025_rev_7,2026_rev_10,NA,NA,NA
81129991,2025_rev_7,2026_rev_10,NA,NA,NA
8471,2025_rev_10,2026_rev_10,2025-04-05,NA,NA
847330,2025_rev_10,2026_rev_10,2025-04-05,NA,NA
8486,2025_rev_10,2026_rev_10,2025-04-05,NA,NA
85051100,2025_rev_22,2026_rev_10,2025-09-08,NA,NA
85171300,2025_rev_10,2026_rev_10,2025-04-05,NA,NA
85176200,2025_rev_10,2026_rev_10,2025-04-05,NA,NA
85235100,2025_rev_10,2026_rev_10,2025-04-05,NA,NA
8524,2025_rev_10,2026_rev_10,2025-04-05,NA,NA
85285200,2025_rev_10,2026_rev_10,2025-04-05,NA,NA
85411000,2025_rev_7,2026_rev_10,NA,NA,NA
85412100,2025_rev_7,2026_rev_10,NA,NA,NA
85412900,2025_rev_7,2026_rev_10,NA,NA,NA
85413000,2025_rev_7,2026_rev_10,NA,NA,NA
85414100,2025_rev_22,2026_rev_10,2025-09-08,NA,NA
85414910,2025_rev_7,2026_rev_10,NA,NA,NA
85414970,2025_rev_7,2026_rev_10,NA,NA,NA
85414980,2025_rev_7,2026_rev_10,NA,NA,NA
85414995,2025_rev_7,2026_rev_10,NA,NA,NA
85415100,2025_rev_7,2026_rev_10,NA,NA,NA
85415900,2025_rev_7,2026_rev_10,NA,NA,NA
85419000,2025_rev_7,2026_rev_10,NA,NA,NA
8542,2025_rev_10,2026_rev_10,2025-04-05,NA,NA
85423100,2025_rev_7,2026_rev_10,NA,NA,NA
85423200,2025_rev_7,2026_rev_10,NA,NA,NA
85423300,2025_rev_7,2026_rev_10,NA,NA,NA
85423900,2025_rev_7,2026_rev_10,NA,NA,NA
85429000,2025_rev_7,2026_rev_10,NA,NA,NA
