country_name,revision,source_url,fallback_from
Republic of Belarus,2024_rev_4,reststop General+Note+3 @ 2024HTSRev4,NA
North Korea,2024_rev_4,reststop General+Note+3 @ 2024HTSRev4,NA
Cuba,2024_rev_4,reststop General+Note+3 @ 2024HTSRev4,NA
Russian Federation,2024_rev_4,reststop General+Note+3 @ 2024HTSRev4,NA
Republic of Belarus,2026_rev_9,reststop General+Note+3 @ 2026HTSRev9,NA
North Korea,2026_rev_9,reststop General+Note+3 @ 2026HTSRev9,NA
Cuba,2026_rev_9,reststop General+Note+3 @ 2026HTSRev9,NA
Russian Federation,2026_rev_9,reststop General+Note+3 @ 2026HTSRev9,NA
Republic of Belarus,2024_basic,reststop General+Note+3 @ 2024HTSBasic,NA
North Korea,2024_basic,reststop General+Note+3 @ 2024HTSBasic,NA
Cuba,2024_basic,reststop General+Note+3 @ 2024HTSBasic,NA
Russian Federation,2024_basic,reststop General+Note+3 @ 2024HTSBasic,NA
Republic of Belarus,2024_rev_1,reststop General+Note+3 @ 2024HTSRev1,NA
North Korea,2024_rev_1,reststop General+Note+3 @ 2024HTSRev1,NA
Cuba,2024_rev_1,reststop General+Note+3 @ 2024HTSRev1,NA
Russian Federation,2024_rev_1,reststop General+Note+3 @ 2024HTSRev1,NA
Republic of Belarus,2024_rev_2,reststop General+Note+3 @ 2024HTSRev2,NA
North Korea,2024_rev_2,reststop General+Note+3 @ 2024HTSRev2,NA
Cuba,2024_rev_2,reststop General+Note+3 @ 2024HTSRev2,NA
Russian Federation,2024_rev_2,reststop General+Note+3 @ 2024HTSRev2,NA
Republic of Belarus,2024_rev_3,reststop General+Note+3 @ 2024HTSRev3,NA
North Korea,2024_rev_3,reststop General+Note+3 @ 2024HTSRev3,NA
Cuba,2024_rev_3,reststop General+Note+3 @ 2024HTSRev3,NA
Russian Federation,2024_rev_3,reststop General+Note+3 @ 2024HTSRev3,NA
Republic of Belarus,2024_rev_5,reststop General+Note+3 @ 2024HTSRev5,NA
North Korea,2024_rev_5,reststop General+Note+3 @ 2024HTSRev5,NA
Cuba,2024_rev_5,reststop General+Note+3 @ 2024HTSRev5,NA
Russian Federation,2024_rev_5,reststop General+Note+3 @ 2024HTSRev5,NA
Republic of Belarus,2024_rev_6,reststop General+Note+3 @ 2024HTSRev6,NA
North Korea,2024_rev_6,reststop General+Note+3 @ 2024HTSRev6,NA
Cuba,2024_rev_6,reststop General+Note+3 @ 2024HTSRev6,NA
Russian Federation,2024_rev_6,reststop General+Note+3 @ 2024HTSRev6,NA
Republic of Belarus,2024_rev_7,reststop General+Note+3 @ 2024HTSRev7,NA
North Korea,2024_rev_7,reststop General+Note+3 @ 2024HTSRev7,NA
Cuba,2024_rev_7,reststop General+Note+3 @ 2024HTSRev7,NA
Russian Federation,2024_rev_7,reststop General+Note+3 @ 2024HTSRev7,NA
Republic of Belarus,2024_rev_8,reststop General+Note+3 @ 2024HTSRev8,NA
North Korea,2024_rev_8,reststop General+Note+3 @ 2024HTSRev8,NA
Cuba,2024_rev_8,reststop General+Note+3 @ 2024HTSRev8,NA
Russian Federation,2024_rev_8,reststop General+Note+3 @ 2024HTSRev8,NA
Republic of Belarus,2024_rev_9,reststop General+Note+3 @ 2024HTSRev9,NA
North Korea,2024_rev_9,reststop General+Note+3 @ 2024HTSRev9,NA
Cuba,2024_rev_9,reststop General+Note+3 @ 2024HTSRev9,NA
Russian Federation,2024_rev_9,reststop General+Note+3 @ 2024HTSRev9,NA
Republic of Belarus,2024_rev_10,reststop General+Note+3 @ 2024HTSRev10,NA
North Korea,2024_rev_10,reststop General+Note+3 @ 2024HTSRev10,NA
Cuba,2024_rev_10,reststop General+Note+3 @ 2024HTSRev10,NA
Russian Federation,2024_rev_10,reststop General+Note+3 @ 2024HTSRev10,NA
Republic of Belarus,2025_basic,reststop General+Note+3 @ 2025HTSBasic,NA
North Korea,2025_basic,reststop General+Note+3 @ 2025HTSBasic,NA
Cuba,2025_basic,reststop General+Note+3 @ 2025HTSBasic,NA
Russian Federation,2025_basic,reststop General+Note+3 @ 2025HTSBasic,NA
Republic of Belarus,2025_rev_1,reststop General+Note+3 @ 2025HTSRev1,NA
North Korea,2025_rev_1,reststop General+Note+3 @ 2025HTSRev1,NA
Cuba,2025_rev_1,reststop General+Note+3 @ 2025HTSRev1,NA
Russian Federation,2025_rev_1,reststop General+Note+3 @ 2025HTSRev1,NA
Republic of Belarus,2025_rev_2,reststop General+Note+3 @ 2025HTSRev2,NA
North Korea,2025_rev_2,reststop General+Note+3 @ 2025HTSRev2,NA
Cuba,2025_rev_2,reststop General+Note+3 @ 2025HTSRev2,NA
Russian Federation,2025_rev_2,reststop General+Note+3 @ 2025HTSRev2,NA
Republic of Belarus,2025_rev_3,reststop General+Note+3 @ 2025HTSRev3,NA
North Korea,2025_rev_3,reststop General+Note+3 @ 2025HTSRev3,NA
Cuba,2025_rev_3,reststop General+Note+3 @ 2025HTSRev3,NA
Russian Federation,2025_rev_3,reststop General+Note+3 @ 2025HTSRev3,NA
Republic of Belarus,2025_rev_4,reststop General+Note+3 @ 2025HTSRev4,NA
North Korea,2025_rev_4,reststop General+Note+3 @ 2025HTSRev4,NA
Cuba,2025_rev_4,reststop General+Note+3 @ 2025HTSRev4,NA
Russian Federation,2025_rev_4,reststop General+Note+3 @ 2025HTSRev4,NA
Republic of Belarus,2025_rev_5,reststop General+Note+3 @ 2025HTSRev5,NA
North Korea,2025_rev_5,reststop General+Note+3 @ 2025HTSRev5,NA
Cuba,2025_rev_5,reststop General+Note+3 @ 2025HTSRev5,NA
Russian Federation,2025_rev_5,reststop General+Note+3 @ 2025HTSRev5,NA
Republic of Belarus,2025_rev_6,reststop General+Note+3 @ 2025HTSRev6,NA
North Korea,2025_rev_6,reststop General+Note+3 @ 2025HTSRev6,NA
Cuba,2025_rev_6,reststop General+Note+3 @ 2025HTSRev6,NA
Russian Federation,2025_rev_6,reststop General+Note+3 @ 2025HTSRev6,NA
Republic of Belarus,2025_rev_7,reststop General+Note+3 @ 2025HTSRev7,NA
North Korea,2025_rev_7,reststop General+Note+3 @ 2025HTSRev7,NA
Cuba,2025_rev_7,reststop General+Note+3 @ 2025HTSRev7,NA
Russian Federation,2025_rev_7,reststop General+Note+3 @ 2025HTSRev7,NA
Republic of Belarus,2025_rev_8,reststop General+Note+3 @ 2025HTSRev8,NA
North Korea,2025_rev_8,reststop General+Note+3 @ 2025HTSRev8,NA
Cuba,2025_rev_8,reststop General+Note+3 @ 2025HTSRev8,NA
Russian Federation,2025_rev_8,reststop General+Note+3 @ 2025HTSRev8,NA
Republic of Belarus,2025_rev_9,reststop General+Note+3 @ 2025HTSRev9,NA
North Korea,2025_rev_9,reststop General+Note+3 @ 2025HTSRev9,NA
Cuba,2025_rev_9,reststop General+Note+3 @ 2025HTSRev9,NA
Russian Federation,2025_rev_9,reststop General+Note+3 @ 2025HTSRev9,NA
Republic of Belarus,2025_rev_10,reststop General+Note+3 @ 2025HTSRev10,NA
North Korea,2025_rev_10,reststop General+Note+3 @ 2025HTSRev10,NA
Cuba,2025_rev_10,reststop General+Note+3 @ 2025HTSRev10,NA
Russian Federation,2025_rev_10,reststop General+Note+3 @ 2025HTSRev10,NA
Republic of Belarus,2025_rev_11,reststop General+Note+3 @ 2025HTSRev11,NA
North Korea,2025_rev_11,reststop General+Note+3 @ 2025HTSRev11,NA
Cuba,2025_rev_11,reststop General+Note+3 @ 2025HTSRev11,NA
Russian Federation,2025_rev_11,reststop General+Note+3 @ 2025HTSRev11,NA
Republic of Belarus,2025_rev_12,reststop General+Note+3 @ 2025HTSRev12,NA
North Korea,2025_rev_12,reststop General+Note+3 @ 2025HTSRev12,NA
Cuba,2025_rev_12,reststop General+Note+3 @ 2025HTSRev12,NA
Russian Federation,2025_rev_12,reststop General+Note+3 @ 2025HTSRev12,NA
Republic of Belarus,2025_rev_13,reststop General+Note+3 @ 2025HTSRev13,NA
North Korea,2025_rev_13,reststop General+Note+3 @ 2025HTSRev13,NA
Cuba,2025_rev_13,reststop General+Note+3 @ 2025HTSRev13,NA
Russian Federation,2025_rev_13,reststop General+Note+3 @ 2025HTSRev13,NA
Republic of Belarus,2025_rev_14,reststop General+Note+3 @ 2025HTSRev14,NA
North Korea,2025_rev_14,reststop General+Note+3 @ 2025HTSRev14,NA
Cuba,2025_rev_14,reststop General+Note+3 @ 2025HTSRev14,NA
Russian Federation,2025_rev_14,reststop General+Note+3 @ 2025HTSRev14,NA
Republic of Belarus,2025_rev_15,reststop General+Note+3 @ 2025HTSRev15,NA
North Korea,2025_rev_15,reststop General+Note+3 @ 2025HTSRev15,NA
Cuba,2025_rev_15,reststop General+Note+3 @ 2025HTSRev15,NA
Russian Federation,2025_rev_15,reststop General+Note+3 @ 2025HTSRev15,NA
Republic of Belarus,2025_rev_16,reststop General+Note+3 @ 2025HTSRev16,NA
North Korea,2025_rev_16,reststop General+Note+3 @ 2025HTSRev16,NA
Cuba,2025_rev_16,reststop General+Note+3 @ 2025HTSRev16,NA
Russian Federation,2025_rev_16,reststop General+Note+3 @ 2025HTSRev16,NA
Republic of Belarus,2025_rev_17,reststop General+Note+3 @ 2025HTSRev17,NA
North Korea,2025_rev_17,reststop General+Note+3 @ 2025HTSRev17,NA
Cuba,2025_rev_17,reststop General+Note+3 @ 2025HTSRev17,NA
Russian Federation,2025_rev_17,reststop General+Note+3 @ 2025HTSRev17,NA
Republic of Belarus,2025_rev_18,reststop General+Note+3 @ 2025HTSRev18,NA
North Korea,2025_rev_18,reststop General+Note+3 @ 2025HTSRev18,NA
Cuba,2025_rev_18,reststop General+Note+3 @ 2025HTSRev18,NA
Russian Federation,2025_rev_18,reststop General+Note+3 @ 2025HTSRev18,NA
Republic of Belarus,2025_rev_19,reststop General+Note+3 @ 2025HTSRev19,NA
North Korea,2025_rev_19,reststop General+Note+3 @ 2025HTSRev19,NA
Cuba,2025_rev_19,reststop General+Note+3 @ 2025HTSRev19,NA
Russian Federation,2025_rev_19,reststop General+Note+3 @ 2025HTSRev19,NA
Republic of Belarus,2025_rev_20,reststop General+Note+3 @ 2025HTSRev20,NA
North Korea,2025_rev_20,reststop General+Note+3 @ 2025HTSRev20,NA
Cuba,2025_rev_20,reststop General+Note+3 @ 2025HTSRev20,NA
Russian Federation,2025_rev_20,reststop General+Note+3 @ 2025HTSRev20,NA
Republic of Belarus,2025_rev_21,reststop General+Note+3 @ 2025HTSRev21,NA
North Korea,2025_rev_21,reststop General+Note+3 @ 2025HTSRev21,NA
Cuba,2025_rev_21,reststop General+Note+3 @ 2025HTSRev21,NA
Russian Federation,2025_rev_21,reststop General+Note+3 @ 2025HTSRev21,NA
Republic of Belarus,2025_rev_22,reststop General+Note+3 @ 2025HTSRev22,NA
North Korea,2025_rev_22,reststop General+Note+3 @ 2025HTSRev22,NA
Cuba,2025_rev_22,reststop General+Note+3 @ 2025HTSRev22,NA
Russian Federation,2025_rev_22,reststop General+Note+3 @ 2025HTSRev22,NA
Republic of Belarus,2025_rev_23,reststop General+Note+3 @ 2025HTSRev23,NA
North Korea,2025_rev_23,reststop General+Note+3 @ 2025HTSRev23,NA
Cuba,2025_rev_23,reststop General+Note+3 @ 2025HTSRev23,NA
Russian Federation,2025_rev_23,reststop General+Note+3 @ 2025HTSRev23,NA
Republic of Belarus,2025_rev_24,reststop General+Note+3 @ 2025HTSRev24,NA
North Korea,2025_rev_24,reststop General+Note+3 @ 2025HTSRev24,NA
Cuba,2025_rev_24,reststop General+Note+3 @ 2025HTSRev24,NA
Russian Federation,2025_rev_24,reststop General+Note+3 @ 2025HTSRev24,NA
Republic of Belarus,2025_rev_25,reststop General+Note+3 @ 2025HTSRev25,NA
North Korea,2025_rev_25,reststop General+Note+3 @ 2025HTSRev25,NA
Cuba,2025_rev_25,reststop General+Note+3 @ 2025HTSRev25,NA
Russian Federation,2025_rev_25,reststop General+Note+3 @ 2025HTSRev25,NA
Republic of Belarus,2025_rev_26,reststop General+Note+3 @ 2025HTSRev26,NA
North Korea,2025_rev_26,reststop General+Note+3 @ 2025HTSRev26,NA
Cuba,2025_rev_26,reststop General+Note+3 @ 2025HTSRev26,NA
Russian Federation,2025_rev_26,reststop General+Note+3 @ 2025HTSRev26,NA
Republic of Belarus,2025_rev_27,reststop General+Note+3 @ 2025HTSRev27,NA
North Korea,2025_rev_27,reststop General+Note+3 @ 2025HTSRev27,NA
Cuba,2025_rev_27,reststop General+Note+3 @ 2025HTSRev27,NA
Russian Federation,2025_rev_27,reststop General+Note+3 @ 2025HTSRev27,NA
Republic of Belarus,2025_rev_28,reststop General+Note+3 @ 2025HTSRev28,NA
North Korea,2025_rev_28,reststop General+Note+3 @ 2025HTSRev28,NA
Cuba,2025_rev_28,reststop General+Note+3 @ 2025HTSRev28,NA
Russian Federation,2025_rev_28,reststop General+Note+3 @ 2025HTSRev28,NA
Republic of Belarus,2025_rev_29,reststop General+Note+3 @ 2025HTSRev29,NA
North Korea,2025_rev_29,reststop General+Note+3 @ 2025HTSRev29,NA
Cuba,2025_rev_29,reststop General+Note+3 @ 2025HTSRev29,NA
Russian Federation,2025_rev_29,reststop General+Note+3 @ 2025HTSRev29,NA
Republic of Belarus,2025_rev_30,reststop General+Note+3 @ 2025HTSRev30,NA
North Korea,2025_rev_30,reststop General+Note+3 @ 2025HTSRev30,NA
Cuba,2025_rev_30,reststop General+Note+3 @ 2025HTSRev30,NA
Russian Federation,2025_rev_30,reststop General+Note+3 @ 2025HTSRev30,NA
Republic of Belarus,2025_rev_31,reststop General+Note+3 @ 2025HTSRev31,NA
North Korea,2025_rev_31,reststop General+Note+3 @ 2025HTSRev31,NA
Cuba,2025_rev_31,reststop General+Note+3 @ 2025HTSRev31,NA
Russian Federation,2025_rev_31,reststop General+Note+3 @ 2025HTSRev31,NA
Republic of Belarus,2025_rev_32,reststop General+Note+3 @ 2025HTSRev32,NA
North Korea,2025_rev_32,reststop General+Note+3 @ 2025HTSRev32,NA
Cuba,2025_rev_32,reststop General+Note+3 @ 2025HTSRev32,NA
Russian Federation,2025_rev_32,reststop General+Note+3 @ 2025HTSRev32,NA
Republic of Belarus,2026_basic,reststop General+Note+3 @ 2026HTSBasic,NA
North Korea,2026_basic,reststop General+Note+3 @ 2026HTSBasic,NA
Cuba,2026_basic,reststop General+Note+3 @ 2026HTSBasic,NA
Russian Federation,2026_basic,reststop General+Note+3 @ 2026HTSBasic,NA
Republic of Belarus,2026_rev_1,reststop General+Note+3 @ 2026HTSRev1,NA
North Korea,2026_rev_1,reststop General+Note+3 @ 2026HTSRev1,NA
Cuba,2026_rev_1,reststop General+Note+3 @ 2026HTSRev1,NA
Russian Federation,2026_rev_1,reststop General+Note+3 @ 2026HTSRev1,NA
Republic of Belarus,2026_rev_2,reststop General+Note+3 @ 2026HTSRev2,NA
North Korea,2026_rev_2,reststop General+Note+3 @ 2026HTSRev2,NA
Cuba,2026_rev_2,reststop General+Note+3 @ 2026HTSRev2,NA
Russian Federation,2026_rev_2,reststop General+Note+3 @ 2026HTSRev2,NA
Republic of Belarus,2026_rev_3,reststop General+Note+3 @ 2026HTSRev3,NA
North Korea,2026_rev_3,reststop General+Note+3 @ 2026HTSRev3,NA
Cuba,2026_rev_3,reststop General+Note+3 @ 2026HTSRev3,NA
Russian Federation,2026_rev_3,reststop General+Note+3 @ 2026HTSRev3,NA
Republic of Belarus,2026_rev_4,reststop General+Note+3 @ 2026HTSRev4,NA
North Korea,2026_rev_4,reststop General+Note+3 @ 2026HTSRev4,NA
Cuba,2026_rev_4,reststop General+Note+3 @ 2026HTSRev4,NA
Russian Federation,2026_rev_4,reststop General+Note+3 @ 2026HTSRev4,NA
Republic of Belarus,2026_rev_5,reststop General+Note+3 @ 2026HTSRev5,NA
North Korea,2026_rev_5,reststop General+Note+3 @ 2026HTSRev5,NA
Cuba,2026_rev_5,reststop General+Note+3 @ 2026HTSRev5,NA
Russian Federation,2026_rev_5,reststop General+Note+3 @ 2026HTSRev5,NA
Republic of Belarus,2026_rev_6,reststop General+Note+3 @ 2026HTSRev6,NA
North Korea,2026_rev_6,reststop General+Note+3 @ 2026HTSRev6,NA
Cuba,2026_rev_6,reststop General+Note+3 @ 2026HTSRev6,NA
Russian Federation,2026_rev_6,reststop General+Note+3 @ 2026HTSRev6,NA
Republic of Belarus,2026_rev_7,reststop General+Note+3 @ 2026HTSRev7,NA
North Korea,2026_rev_7,reststop General+Note+3 @ 2026HTSRev7,NA
Cuba,2026_rev_7,reststop General+Note+3 @ 2026HTSRev7,NA
Russian Federation,2026_rev_7,reststop General+Note+3 @ 2026HTSRev7,NA
Republic of Belarus,2026_rev_8,reststop General+Note+3 @ 2026HTSRev8,NA
North Korea,2026_rev_8,reststop General+Note+3 @ 2026HTSRev8,NA
Cuba,2026_rev_8,reststop General+Note+3 @ 2026HTSRev8,NA
Russian Federation,2026_rev_8,reststop General+Note+3 @ 2026HTSRev8,NA
Republic of Belarus,2019_basic,carried_forward_from 2026_rev_9,2026_rev_9
North Korea,2019_basic,carried_forward_from 2026_rev_9,2026_rev_9
Cuba,2019_basic,carried_forward_from 2026_rev_9,2026_rev_9
Russian Federation,2019_basic,carried_forward_from 2026_rev_9,2026_rev_9
Republic of Belarus,2019_rev_1,carried_forward_from 2026_rev_9,2026_rev_9
North Korea,2019_rev_1,carried_forward_from 2026_rev_9,2026_rev_9
Cuba,2019_rev_1,carried_forward_from 2026_rev_9,2026_rev_9
Russian Federation,2019_rev_1,carried_forward_from 2026_rev_9,2026_rev_9
Republic of Belarus,2019_rev_2,carried_forward_from 2026_rev_9,2026_rev_9
North Korea,2019_rev_2,carried_forward_from 2026_rev_9,2026_rev_9
Cuba,2019_rev_2,carried_forward_from 2026_rev_9,2026_rev_9
Russian Federation,2019_rev_2,carried_forward_from 2026_rev_9,2026_rev_9
Republic of Belarus,2019_rev_3,carried_forward_from 2026_rev_9,2026_rev_9
North Korea,2019_rev_3,carried_forward_from 2026_rev_9,2026_rev_9
Cuba,2019_rev_3,carried_forward_from 2026_rev_9,2026_rev_9
Russian Federation,2019_rev_3,carried_forward_from 2026_rev_9,2026_rev_9
Republic of Belarus,2019_rev_4,carried_forward_from 2026_rev_9,2026_rev_9
North Korea,2019_rev_4,carried_forward_from 2026_rev_9,2026_rev_9
Cuba,2019_rev_4,carried_forward_from 2026_rev_9,2026_rev_9
Russian Federation,2019_rev_4,carried_forward_from 2026_rev_9,2026_rev_9
Republic of Belarus,2019_rev_5,carried_forward_from 2026_rev_9,2026_rev_9
North Korea,2019_rev_5,carried_forward_from 2026_rev_9,2026_rev_9
Cuba,2019_rev_5,carried_forward_from 2026_rev_9,2026_rev_9
Russian Federation,2019_rev_5,carried_forward_from 2026_rev_9,2026_rev_9
Republic of Belarus,2019_rev_6,carried_forward_from 2026_rev_9,2026_rev_9
North Korea,2019_rev_6,carried_forward_from 2026_rev_9,2026_rev_9
Cuba,2019_rev_6,carried_forward_from 2026_rev_9,2026_rev_9
Russian Federation,2019_rev_6,carried_forward_from 2026_rev_9,2026_rev_9
Republic of Belarus,2019_rev_7,carried_forward_from 2026_rev_9,2026_rev_9
North Korea,2019_rev_7,carried_forward_from 2026_rev_9,2026_rev_9
Cuba,2019_rev_7,carried_forward_from 2026_rev_9,2026_rev_9
Russian Federation,2019_rev_7,carried_forward_from 2026_rev_9,2026_rev_9
Republic of Belarus,2019_rev_8,carried_forward_from 2026_rev_9,2026_rev_9
North Korea,2019_rev_8,carried_forward_from 2026_rev_9,2026_rev_9
Cuba,2019_rev_8,carried_forward_from 2026_rev_9,2026_rev_9
Russian Federation,2019_rev_8,carried_forward_from 2026_rev_9,2026_rev_9
Republic of Belarus,2019_rev_9,carried_forward_from 2026_rev_9,2026_rev_9
North Korea,2019_rev_9,carried_forward_from 2026_rev_9,2026_rev_9
Cuba,2019_rev_9,carried_forward_from 2026_rev_9,2026_rev_9
Russian Federation,2019_rev_9,carried_forward_from 2026_rev_9,2026_rev_9
Republic of Belarus,2019_rev_10,carried_forward_from 2026_rev_9,2026_rev_9
North Korea,2019_rev_10,carried_forward_from 2026_rev_9,2026_rev_9
Cuba,2019_rev_10,carried_forward_from 2026_rev_9,2026_rev_9
Russian Federation,2019_rev_10,carried_forward_from 2026_rev_9,2026_rev_9
Republic of Belarus,2019_rev_11,carried_forward_from 2026_rev_9,2026_rev_9
North Korea,2019_rev_11,carried_forward_from 2026_rev_9,2026_rev_9
Cuba,2019_rev_11,carried_forward_from 2026_rev_9,2026_rev_9
Russian Federation,2019_rev_11,carried_forward_from 2026_rev_9,2026_rev_9
Republic of Belarus,2019_rev_12,carried_forward_from 2026_rev_9,2026_rev_9
North Korea,2019_rev_12,carried_forward_from 2026_rev_9,2026_rev_9
Cuba,2019_rev_12,carried_forward_from 2026_rev_9,2026_rev_9
Russian Federation,2019_rev_12,carried_forward_from 2026_rev_9,2026_rev_9
Republic of Belarus,2019_rev_13,carried_forward_from 2026_rev_9,2026_rev_9
North Korea,2019_rev_13,carried_forward_from 2026_rev_9,2026_rev_9
Cuba,2019_rev_13,carried_forward_from 2026_rev_9,2026_rev_9
Russian Federation,2019_rev_13,carried_forward_from 2026_rev_9,2026_rev_9
Republic of Belarus,2019_rev_14,carried_forward_from 2026_rev_9,2026_rev_9
North Korea,2019_rev_14,carried_forward_from 2026_rev_9,2026_rev_9
Cuba,2019_rev_14,carried_forward_from 2026_rev_9,2026_rev_9
Russian Federation,2019_rev_14,carried_forward_from 2026_rev_9,2026_rev_9
Republic of Belarus,2019_rev_15,carried_forward_from 2026_rev_9,2026_rev_9
North Korea,2019_rev_15,carried_forward_from 2026_rev_9,2026_rev_9
Cuba,2019_rev_15,carried_forward_from 2026_rev_9,2026_rev_9
Russian Federation,2019_rev_15,carried_forward_from 2026_rev_9,2026_rev_9
Republic of Belarus,2019_rev_16,carried_forward_from 2026_rev_9,2026_rev_9
North Korea,2019_rev_16,carried_forward_from 2026_rev_9,2026_rev_9
Cuba,2019_rev_16,carried_forward_from 2026_rev_9,2026_rev_9
Russian Federation,2019_rev_16,carried_forward_from 2026_rev_9,2026_rev_9
Republic of Belarus,2019_rev_17,carried_forward_from 2026_rev_9,2026_rev_9
North Korea,2019_rev_17,carried_forward_from 2026_rev_9,2026_rev_9
Cuba,2019_rev_17,carried_forward_from 2026_rev_9,2026_rev_9
Russian Federation,2019_rev_17,carried_forward_from 2026_rev_9,2026_rev_9
Republic of Belarus,2019_rev_18,carried_forward_from 2026_rev_9,2026_rev_9
North Korea,2019_rev_18,carried_forward_from 2026_rev_9,2026_rev_9
Cuba,2019_rev_18,carried_forward_from 2026_rev_9,2026_rev_9
Russian Federation,2019_rev_18,carried_forward_from 2026_rev_9,2026_rev_9
Republic of Belarus,2019_rev_19,carried_forward_from 2026_rev_9,2026_rev_9
North Korea,2019_rev_19,carried_forward_from 2026_rev_9,2026_rev_9
Cuba,2019_rev_19,carried_forward_from 2026_rev_9,2026_rev_9
Russian Federation,2019_rev_19,carried_forward_from 2026_rev_9,2026_rev_9
Republic of Belarus,2019_rev_20,carried_forward_from 2026_rev_9,2026_rev_9
North Korea,2019_rev_20,carried_forward_from 2026_rev_9,2026_rev_9
Cuba,2019_rev_20,carried_forward_from 2026_rev_9,2026_rev_9
Russian Federation,2019_rev_20,carried_forward_from 2026_rev_9,2026_rev_9
Republic of Belarus,2020_basic,carried_forward_from 2026_rev_9,2026_rev_9
North Korea,2020_basic,carried_forward_from 2026_rev_9,2026_rev_9
Cuba,2020_basic,carried_forward_from 2026_rev_9,2026_rev_9
Russian Federation,2020_basic,carried_forward_from 2026_rev_9,2026_rev_9
Republic of Belarus,2020_rev_1,carried_forward_from 2026_rev_9,2026_rev_9
North Korea,2020_rev_1,carried_forward_from 2026_rev_9,2026_rev_9
Cuba,2020_rev_1,carried_forward_from 2026_rev_9,2026_rev_9
Russian Federation,2020_rev_1,carried_forward_from 2026_rev_9,2026_rev_9
Republic of Belarus,2020_rev_2,carried_forward_from 2026_rev_9,2026_rev_9
North Korea,2020_rev_2,carried_forward_from 2026_rev_9,2026_rev_9
Cuba,2020_rev_2,carried_forward_from 2026_rev_9,2026_rev_9
Russian Federation,2020_rev_2,carried_forward_from 2026_rev_9,2026_rev_9
Republic of Belarus,2020_rev_3,carried_forward_from 2026_rev_9,2026_rev_9
North Korea,2020_rev_3,carried_forward_from 2026_rev_9,2026_rev_9
Cuba,2020_rev_3,carried_forward_from 2026_rev_9,2026_rev_9
Russian Federation,2020_rev_3,carried_forward_from 2026_rev_9,2026_rev_9
Republic of Belarus,2020_rev_4,carried_forward_from 2026_rev_9,2026_rev_9
North Korea,2020_rev_4,carried_forward_from 2026_rev_9,2026_rev_9
Cuba,2020_rev_4,carried_forward_from 2026_rev_9,2026_rev_9
Russian Federation,2020_rev_4,carried_forward_from 2026_rev_9,2026_rev_9
Republic of Belarus,2020_rev_5,carried_forward_from 2026_rev_9,2026_rev_9
North Korea,2020_rev_5,carried_forward_from 2026_rev_9,2026_rev_9
Cuba,2020_rev_5,carried_forward_from 2026_rev_9,2026_rev_9
Russian Federation,2020_rev_5,carried_forward_from 2026_rev_9,2026_rev_9
Republic of Belarus,2020_rev_6,carried_forward_from 2026_rev_9,2026_rev_9
North Korea,2020_rev_6,carried_forward_from 2026_rev_9,2026_rev_9
Cuba,2020_rev_6,carried_forward_from 2026_rev_9,2026_rev_9
Russian Federation,2020_rev_6,carried_forward_from 2026_rev_9,2026_rev_9
Republic of Belarus,2020_rev_7,carried_forward_from 2026_rev_9,2026_rev_9
North Korea,2020_rev_7,carried_forward_from 2026_rev_9,2026_rev_9
Cuba,2020_rev_7,carried_forward_from 2026_rev_9,2026_rev_9
Russian Federation,2020_rev_7,carried_forward_from 2026_rev_9,2026_rev_9
Republic of Belarus,2020_rev_8,carried_forward_from 2026_rev_9,2026_rev_9
North Korea,2020_rev_8,carried_forward_from 2026_rev_9,2026_rev_9
Cuba,2020_rev_8,carried_forward_from 2026_rev_9,2026_rev_9
Russian Federation,2020_rev_8,carried_forward_from 2026_rev_9,2026_rev_9
Republic of Belarus,2020_rev_9,carried_forward_from 2026_rev_9,2026_rev_9
North Korea,2020_rev_9,carried_forward_from 2026_rev_9,2026_rev_9
Cuba,2020_rev_9,carried_forward_from 2026_rev_9,2026_rev_9
Russian Federation,2020_rev_9,carried_forward_from 2026_rev_9,2026_rev_9
Republic of Belarus,2020_rev_10,carried_forward_from 2026_rev_9,2026_rev_9
North Korea,2020_rev_10,carried_forward_from 2026_rev_9,2026_rev_9
Cuba,2020_rev_10,carried_forward_from 2026_rev_9,2026_rev_9
Russian Federation,2020_rev_10,carried_forward_from 2026_rev_9,2026_rev_9
Republic of Belarus,2020_rev_11,carried_forward_from 2026_rev_9,2026_rev_9
North Korea,2020_rev_11,carried_forward_from 2026_rev_9,2026_rev_9
Cuba,2020_rev_11,carried_forward_from 2026_rev_9,2026_rev_9
Russian Federation,2020_rev_11,carried_forward_from 2026_rev_9,2026_rev_9
Republic of Belarus,2020_rev_12,carried_forward_from 2026_rev_9,2026_rev_9
North Korea,2020_rev_12,carried_forward_from 2026_rev_9,2026_rev_9
Cuba,2020_rev_12,carried_forward_from 2026_rev_9,2026_rev_9
Russian Federation,2020_rev_12,carried_forward_from 2026_rev_9,2026_rev_9
Republic of Belarus,2020_rev_13,carried_forward_from 2026_rev_9,2026_rev_9
North Korea,2020_rev_13,carried_forward_from 2026_rev_9,2026_rev_9
Cuba,2020_rev_13,carried_forward_from 2026_rev_9,2026_rev_9
Russian Federation,2020_rev_13,carried_forward_from 2026_rev_9,2026_rev_9
Republic of Belarus,2020_rev_14,carried_forward_from 2026_rev_9,2026_rev_9
North Korea,2020_rev_14,carried_forward_from 2026_rev_9,2026_rev_9
Cuba,2020_rev_14,carried_forward_from 2026_rev_9,2026_rev_9
Russian Federation,2020_rev_14,carried_forward_from 2026_rev_9,2026_rev_9
Republic of Belarus,2020_rev_15,carried_forward_from 2026_rev_9,2026_rev_9
North Korea,2020_rev_15,carried_forward_from 2026_rev_9,2026_rev_9
Cuba,2020_rev_15,carried_forward_from 2026_rev_9,2026_rev_9
Russian Federation,2020_rev_15,carried_forward_from 2026_rev_9,2026_rev_9
Republic of Belarus,2020_rev_16,carried_forward_from 2026_rev_9,2026_rev_9
North Korea,2020_rev_16,carried_forward_from 2026_rev_9,2026_rev_9
Cuba,2020_rev_16,carried_forward_from 2026_rev_9,2026_rev_9
Russian Federation,2020_rev_16,carried_forward_from 2026_rev_9,2026_rev_9
Republic of Belarus,2020_rev_17,carried_forward_from 2026_rev_9,2026_rev_9
North Korea,2020_rev_17,carried_forward_from 2026_rev_9,2026_rev_9
Cuba,2020_rev_17,carried_forward_from 2026_rev_9,2026_rev_9
Russian Federation,2020_rev_17,carried_forward_from 2026_rev_9,2026_rev_9
Republic of Belarus,2020_rev_18,carried_forward_from 2026_rev_9,2026_rev_9
North Korea,2020_rev_18,carried_forward_from 2026_rev_9,2026_rev_9
Cuba,2020_rev_18,carried_forward_from 2026_rev_9,2026_rev_9
Russian Federation,2020_rev_18,carried_forward_from 2026_rev_9,2026_rev_9
Republic of Belarus,2021_basic,carried_forward_from 2026_rev_9,2026_rev_9
North Korea,2021_basic,carried_forward_from 2026_rev_9,2026_rev_9
Cuba,2021_basic,carried_forward_from 2026_rev_9,2026_rev_9
Russian Federation,2021_basic,carried_forward_from 2026_rev_9,2026_rev_9
Republic of Belarus,2021_rev_1,carried_forward_from 2026_rev_9,2026_rev_9
North Korea,2021_rev_1,carried_forward_from 2026_rev_9,2026_rev_9
Cuba,2021_rev_1,carried_forward_from 2026_rev_9,2026_rev_9
Russian Federation,2021_rev_1,carried_forward_from 2026_rev_9,2026_rev_9
Republic of Belarus,2021_rev_2,carried_forward_from 2026_rev_9,2026_rev_9
North Korea,2021_rev_2,carried_forward_from 2026_rev_9,2026_rev_9
Cuba,2021_rev_2,carried_forward_from 2026_rev_9,2026_rev_9
Russian Federation,2021_rev_2,carried_forward_from 2026_rev_9,2026_rev_9
Republic of Belarus,2021_rev_3,carried_forward_from 2026_rev_9,2026_rev_9
North Korea,2021_rev_3,carried_forward_from 2026_rev_9,2026_rev_9
Cuba,2021_rev_3,carried_forward_from 2026_rev_9,2026_rev_9
Russian Federation,2021_rev_3,carried_forward_from 2026_rev_9,2026_rev_9
Republic of Belarus,2021_rev_4,carried_forward_from 2026_rev_9,2026_rev_9
North Korea,2021_rev_4,carried_forward_from 2026_rev_9,2026_rev_9
Cuba,2021_rev_4,carried_forward_from 2026_rev_9,2026_rev_9
Russian Federation,2021_rev_4,carried_forward_from 2026_rev_9,2026_rev_9
Republic of Belarus,2021_rev_5,carried_forward_from 2026_rev_9,2026_rev_9
North Korea,2021_rev_5,carried_forward_from 2026_rev_9,2026_rev_9
Cuba,2021_rev_5,carried_forward_from 2026_rev_9,2026_rev_9
Russian Federation,2021_rev_5,carried_forward_from 2026_rev_9,2026_rev_9
Republic of Belarus,2021_rev_6,carried_forward_from 2026_rev_9,2026_rev_9
North Korea,2021_rev_6,carried_forward_from 2026_rev_9,2026_rev_9
Cuba,2021_rev_6,carried_forward_from 2026_rev_9,2026_rev_9
Russian Federation,2021_rev_6,carried_forward_from 2026_rev_9,2026_rev_9
Republic of Belarus,2021_rev_7,carried_forward_from 2026_rev_9,2026_rev_9
North Korea,2021_rev_7,carried_forward_from 2026_rev_9,2026_rev_9
Cuba,2021_rev_7,carried_forward_from 2026_rev_9,2026_rev_9
Russian Federation,2021_rev_7,carried_forward_from 2026_rev_9,2026_rev_9
Republic of Belarus,2021_rev_8,carried_forward_from 2026_rev_9,2026_rev_9
North Korea,2021_rev_8,carried_forward_from 2026_rev_9,2026_rev_9
Cuba,2021_rev_8,carried_forward_from 2026_rev_9,2026_rev_9
Russian Federation,2021_rev_8,carried_forward_from 2026_rev_9,2026_rev_9
Republic of Belarus,2021_rev_9,carried_forward_from 2026_rev_9,2026_rev_9
North Korea,2021_rev_9,carried_forward_from 2026_rev_9,2026_rev_9
Cuba,2021_rev_9,carried_forward_from 2026_rev_9,2026_rev_9
Russian Federation,2021_rev_9,carried_forward_from 2026_rev_9,2026_rev_9
Republic of Belarus,2021_rev_10,carried_forward_from 2026_rev_9,2026_rev_9
North Korea,2021_rev_10,carried_forward_from 2026_rev_9,2026_rev_9
Cuba,2021_rev_10,carried_forward_from 2026_rev_9,2026_rev_9
Russian Federation,2021_rev_10,carried_forward_from 2026_rev_9,2026_rev_9
Republic of Belarus,2021_rev_11,carried_forward_from 2026_rev_9,2026_rev_9
North Korea,2021_rev_11,carried_forward_from 2026_rev_9,2026_rev_9
Cuba,2021_rev_11,carried_forward_from 2026_rev_9,2026_rev_9
Russian Federation,2021_rev_11,carried_forward_from 2026_rev_9,2026_rev_9
Republic of Belarus,2021_rev_12,carried_forward_from 2026_rev_9,2026_rev_9
North Korea,2021_rev_12,carried_forward_from 2026_rev_9,2026_rev_9
Cuba,2021_rev_12,carried_forward_from 2026_rev_9,2026_rev_9
Russian Federation,2021_rev_12,carried_forward_from 2026_rev_9,2026_rev_9
Republic of Belarus,2022_basic,carried_forward_from 2026_rev_9,2026_rev_9
North Korea,2022_basic,carried_forward_from 2026_rev_9,2026_rev_9
Cuba,2022_basic,carried_forward_from 2026_rev_9,2026_rev_9
Russian Federation,2022_basic,carried_forward_from 2026_rev_9,2026_rev_9
Republic of Belarus,2022_rev_1,carried_forward_from 2026_rev_9,2026_rev_9
North Korea,2022_rev_1,carried_forward_from 2026_rev_9,2026_rev_9
Cuba,2022_rev_1,carried_forward_from 2026_rev_9,2026_rev_9
Russian Federation,2022_rev_1,carried_forward_from 2026_rev_9,2026_rev_9
Republic of Belarus,2022_rev_2,carried_forward_from 2026_rev_9,2026_rev_9
North Korea,2022_rev_2,carried_forward_from 2026_rev_9,2026_rev_9
Cuba,2022_rev_2,carried_forward_from 2026_rev_9,2026_rev_9
Russian Federation,2022_rev_2,carried_forward_from 2026_rev_9,2026_rev_9
Republic of Belarus,2022_rev_3,carried_forward_from 2026_rev_9,2026_rev_9
North Korea,2022_rev_3,carried_forward_from 2026_rev_9,2026_rev_9
Cuba,2022_rev_3,carried_forward_from 2026_rev_9,2026_rev_9
Russian Federation,2022_rev_3,carried_forward_from 2026_rev_9,2026_rev_9
Republic of Belarus,2022_rev_4,carried_forward_from 2026_rev_9,2026_rev_9
North Korea,2022_rev_4,carried_forward_from 2026_rev_9,2026_rev_9
Cuba,2022_rev_4,carried_forward_from 2026_rev_9,2026_rev_9
Russian Federation,2022_rev_4,carried_forward_from 2026_rev_9,2026_rev_9
Republic of Belarus,2022_rev_5,carried_forward_from 2026_rev_9,2026_rev_9
North Korea,2022_rev_5,carried_forward_from 2026_rev_9,2026_rev_9
Cuba,2022_rev_5,carried_forward_from 2026_rev_9,2026_rev_9
Russian Federation,2022_rev_5,carried_forward_from 2026_rev_9,2026_rev_9
Republic of Belarus,2022_rev_6,carried_forward_from 2026_rev_9,2026_rev_9
North Korea,2022_rev_6,carried_forward_from 2026_rev_9,2026_rev_9
Cuba,2022_rev_6,carried_forward_from 2026_rev_9,2026_rev_9
Russian Federation,2022_rev_6,carried_forward_from 2026_rev_9,2026_rev_9
Republic of Belarus,2022_rev_7,carried_forward_from 2026_rev_9,2026_rev_9
North Korea,2022_rev_7,carried_forward_from 2026_rev_9,2026_rev_9
Cuba,2022_rev_7,carried_forward_from 2026_rev_9,2026_rev_9
Russian Federation,2022_rev_7,carried_forward_from 2026_rev_9,2026_rev_9
Republic of Belarus,2022_rev_8,carried_forward_from 2026_rev_9,2026_rev_9
North Korea,2022_rev_8,carried_forward_from 2026_rev_9,2026_rev_9
Cuba,2022_rev_8,carried_forward_from 2026_rev_9,2026_rev_9
Russian Federation,2022_rev_8,carried_forward_from 2026_rev_9,2026_rev_9
Republic of Belarus,2022_rev_9,carried_forward_from 2026_rev_9,2026_rev_9
North Korea,2022_rev_9,carried_forward_from 2026_rev_9,2026_rev_9
Cuba,2022_rev_9,carried_forward_from 2026_rev_9,2026_rev_9
Russian Federation,2022_rev_9,carried_forward_from 2026_rev_9,2026_rev_9
Republic of Belarus,2022_rev_10,carried_forward_from 2026_rev_9,2026_rev_9
North Korea,2022_rev_10,carried_forward_from 2026_rev_9,2026_rev_9
Cuba,2022_rev_10,carried_forward_from 2026_rev_9,2026_rev_9
Russian Federation,2022_rev_10,carried_forward_from 2026_rev_9,2026_rev_9
Republic of Belarus,2022_rev_11,carried_forward_from 2026_rev_9,2026_rev_9
North Korea,2022_rev_11,carried_forward_from 2026_rev_9,2026_rev_9
Cuba,2022_rev_11,carried_forward_from 2026_rev_9,2026_rev_9
Russian Federation,2022_rev_11,carried_forward_from 2026_rev_9,2026_rev_9
Republic of Belarus,2022_rev_12,carried_forward_from 2026_rev_9,2026_rev_9
North Korea,2022_rev_12,carried_forward_from 2026_rev_9,2026_rev_9
Cuba,2022_rev_12,carried_forward_from 2026_rev_9,2026_rev_9
Russian Federation,2022_rev_12,carried_forward_from 2026_rev_9,2026_rev_9
Republic of Belarus,2023_basic,carried_forward_from 2026_rev_9,2026_rev_9
North Korea,2023_basic,carried_forward_from 2026_rev_9,2026_rev_9
Cuba,2023_basic,carried_forward_from 2026_rev_9,2026_rev_9
Russian Federation,2023_basic,carried_forward_from 2026_rev_9,2026_rev_9
Republic of Belarus,2023_rev_1,carried_forward_from 2026_rev_9,2026_rev_9
North Korea,2023_rev_1,carried_forward_from 2026_rev_9,2026_rev_9
Cuba,2023_rev_1,carried_forward_from 2026_rev_9,2026_rev_9
Russian Federation,2023_rev_1,carried_forward_from 2026_rev_9,2026_rev_9
Republic of Belarus,2023_rev_2,carried_forward_from 2026_rev_9,2026_rev_9
North Korea,2023_rev_2,carried_forward_from 2026_rev_9,2026_rev_9
Cuba,2023_rev_2,carried_forward_from 2026_rev_9,2026_rev_9
Russian Federation,2023_rev_2,carried_forward_from 2026_rev_9,2026_rev_9
Republic of Belarus,2023_rev_3,carried_forward_from 2026_rev_9,2026_rev_9
North Korea,2023_rev_3,carried_forward_from 2026_rev_9,2026_rev_9
Cuba,2023_rev_3,carried_forward_from 2026_rev_9,2026_rev_9
Russian Federation,2023_rev_3,carried_forward_from 2026_rev_9,2026_rev_9
Republic of Belarus,2023_rev_4,carried_forward_from 2026_rev_9,2026_rev_9
North Korea,2023_rev_4,carried_forward_from 2026_rev_9,2026_rev_9
Cuba,2023_rev_4,carried_forward_from 2026_rev_9,2026_rev_9
Russian Federation,2023_rev_4,carried_forward_from 2026_rev_9,2026_rev_9
Republic of Belarus,2023_rev_5,carried_forward_from 2026_rev_9,2026_rev_9
North Korea,2023_rev_5,carried_forward_from 2026_rev_9,2026_rev_9
Cuba,2023_rev_5,carried_forward_from 2026_rev_9,2026_rev_9
Russian Federation,2023_rev_5,carried_forward_from 2026_rev_9,2026_rev_9
Republic of Belarus,2023_rev_6,carried_forward_from 2026_rev_9,2026_rev_9
North Korea,2023_rev_6,carried_forward_from 2026_rev_9,2026_rev_9
Cuba,2023_rev_6,carried_forward_from 2026_rev_9,2026_rev_9
Russian Federation,2023_rev_6,carried_forward_from 2026_rev_9,2026_rev_9
Republic of Belarus,2023_rev_7,carried_forward_from 2026_rev_9,2026_rev_9
North Korea,2023_rev_7,carried_forward_from 2026_rev_9,2026_rev_9
Cuba,2023_rev_7,carried_forward_from 2026_rev_9,2026_rev_9
Russian Federation,2023_rev_7,carried_forward_from 2026_rev_9,2026_rev_9
Republic of Belarus,2023_rev_8,carried_forward_from 2026_rev_9,2026_rev_9
North Korea,2023_rev_8,carried_forward_from 2026_rev_9,2026_rev_9
Cuba,2023_rev_8,carried_forward_from 2026_rev_9,2026_rev_9
Russian Federation,2023_rev_8,carried_forward_from 2026_rev_9,2026_rev_9
Republic of Belarus,2023_rev_9,carried_forward_from 2026_rev_9,2026_rev_9
North Korea,2023_rev_9,carried_forward_from 2026_rev_9,2026_rev_9
Cuba,2023_rev_9,carried_forward_from 2026_rev_9,2026_rev_9
Russian Federation,2023_rev_9,carried_forward_from 2026_rev_9,2026_rev_9
Republic of Belarus,2023_rev_10,reststop General+Note+3 @ 2023HTSRev10,NA
North Korea,2023_rev_10,reststop General+Note+3 @ 2023HTSRev10,NA
Cuba,2023_rev_10,reststop General+Note+3 @ 2023HTSRev10,NA
Russian Federation,2023_rev_10,reststop General+Note+3 @ 2023HTSRev10,NA
Republic of Belarus,2023_rev_11,reststop General+Note+3 @ 2023HTSRev11,NA
North Korea,2023_rev_11,reststop General+Note+3 @ 2023HTSRev11,NA
Cuba,2023_rev_11,reststop General+Note+3 @ 2023HTSRev11,NA
Russian Federation,2023_rev_11,reststop General+Note+3 @ 2023HTSRev11,NA
Republic of Belarus,2026_rev_10,reststop General+Note+3 @ 2026HTSRev10,NA
North Korea,2026_rev_10,reststop General+Note+3 @ 2026HTSRev10,NA
Cuba,2026_rev_10,reststop General+Note+3 @ 2026HTSRev10,NA
Russian Federation,2026_rev_10,reststop General+Note+3 @ 2026HTSRev10,NA
Republic of Belarus,2026_rev_11,reststop General+Note+3 @ 2026HTSRev11,NA
North Korea,2026_rev_11,reststop General+Note+3 @ 2026HTSRev11,NA
Cuba,2026_rev_11,reststop General+Note+3 @ 2026HTSRev11,NA
Russian Federation,2026_rev_11,reststop General+Note+3 @ 2026HTSRev11,NA
