hts10,exempt_share,con_val,months
8411919085,0.9991025577669156,3559609613,3
8411124000,0.9998755101337028,2008195586,3
8802400190,1,1467133671,3
8518302000,0.00610389168866609,1320664817,3
8504409580,0.03359631686127118,886462618,3
8504409570,0.13548905043768145,864394094,3
3926909989,0.00460668816319809,778685006,3
8807300030,1,741682112,2
8504406018,0.0024427254935857,638534704,3
8411999085,0.3839270377929436,596877668,3
9031808085,0.021501831932631,550216467,3
8802400140,1,538050568,3
8802300140,1,537581219,3
8443310000,0,527658197,3
8479899599,0.00324650052151165,495314875,2
8802400170,1,450000000,3
8807300060,0.9062382828746368,423642732,2
8408909010,0.00117295249535398,400360630,3
8504408500,0.00726057829440351,372340176,3
8414519090,9.422788825931284e-4,323255679,3
8418690180,0.5523247347298806,309030377,3
8504409550,0.01032804358851613,294808109,3
8504407018,0.00558561907787569,286907499,3
8421210000,0.03091873369978803,275955383,3
8428900390,0.00696651816069859,274021535,2
9026204000,0.00415512915446825,243420111,3
8518220000,0.00136963625335728,242063540,3
8504409540,0.06183392157390122,226537419,3
8421390115,2.1704262057298251e-4,226080020,3
8408909050,7.422700541998006e-4,217804826,3
8543704500,0.09349022135011842,216930356,3
8526910040,0.34180580358973933,215768870,3
8414513000,0,212026577,3
8411999090,0.9854701497338356,209127482,3
8526100040,0.24289279689592105,208580257,3
8413500080,0.22517910336908575,201706563,3
8504404000,0.0280432684338926,189399321,3
8502200085,0.9691611598668848,186947660,2
8507500000,0.6880525212794102,182946800,3
8479909596,0,180306031,2
8802300160,1,175862466,3
9032896085,0.4794457596497283,167787495,3
8414802015,0.9659779646205512,167291696,3
8531200040,0.07428903180809088,160634507,3
8483405010,0.7520258787755363,155875072,2
8807200030,0.9612300276269148,154900033,3
9030400000,0.02058856375095241,153185139,3
8421390190,0.00726039405251877,152583316,3
8414100000,0.06207129061049954,146895109,3
4016935050,0.07973136031846739,146328345,3
8536700000,6.876165379976484e-5,143597477,3
8531809026,0.00771336368303487,138623439,3
9403200090,0.00227160620545086,132811752,2
4016996050,0.00503913932709632,127838299,3
8519814150,0.01571263290892977,125685874,3
8419903000,0.01095429768242517,125620194,3
8526921000,1.6532526271206827e-5,125147238,3
8517690000,0.10138286869454129,122899087,3
8428390000,2.1428313572324775e-5,120028111,2
8507208041,0.05135527528458961,117270640,3
9401108000,0.9381749518557264,111933354,3
8443321040,0.03129589041944625,110720959,3
3926904590,0.1902472545605783,110597596,3
8802300180,1,107692595,3
8443321050,0.129159404653287,105623830,3
9403200050,2.635633266856452e-6,105477497,2
8504508000,0.07538559330084593,104422976,3
8413600090,0.17324332213593707,101937984,3
8419819040,0.01222179713238824,101683082,3
8419505000,0.00151004902687768,100974205,2
8518210000,0.07689505369965999,100943749,3
8528620000,0.01580866651773571,98981024,3
3917330000,0.6794028757556119,97996088,3
9031909195,0.06643954739329794,97836112,2
9405116020,0.01481950903194517,97407478,3
8531809051,0.27421605279434,95609946,3
3917400095,0.00744493684061231,92257465,3
8529909800,0.02455862135683939,92204280,3
8412909070,3.124268503578165e-4,87034773,2
9030333800,0.10347160934000332,85224595,3
9025198085,0.16676514254107688,84049351,3
8413702004,0.00988009014459467,82350362,3
8529109100,0.288519539551925,82309129,3
9026102040,0.00222586143624947,82299822,3
8421290065,0.03487891348758309,81668427,2
8418100055,0,80910949,2
8802120140,1,80351076,3
8413919096,0.00234503084045223,80261631,2
8413702090,0.3020597032577844,78395856,3
8483905080,0.09386582632037554,77855523,2
8531200020,0.15653003430040713,77410160,3
8518298000,0.07034863281624826,77119992,3
8518402000,0.06489846166695756,74614727,3
3926909910,8.455129265172445e-6,73091727,3
8502390080,0.25650741873763994,72784620,3
9405118010,0.00240234571234043,71841034,3
8421390130,0.3713244149441133,71342928,3
8414901080,0.27931786165279293,70491976,3
8483105000,0.09759999110231277,70310406,2
8414904190,0.1136159040261644,70278154,2
8408909030,0.00376641061725546,69823242,3
9403200082,0.00522804324162695,68556625,2
8418690150,0.9551109077935324,68529900,3
9014206000,0.8625514782600935,68350455,3
8413600030,0.14561134460979874,68059388,3
8526925000,0.03478258151065239,67812333,3
8501524000,0.0297307005655294,67720974,2
8504409510,0.06293805107998451,66572573,3
8421310000,0.00851226082888412,66410559,3
9026208000,9.435795268852852e-5,65919192,3
8516808000,0.01148486442442797,65428896,3
8807100030,0.9916434045638316,65196886,3
8412909015,0.04361177907009539,64459214,2
8413702040,0.05001098258086522,63159107,3
8807909060,0.2376054621359247,63073348,3
8411128000,1,62791616,3
9026902000,0.00105137343689631,62309925,3
9030906600,4.782799662041981e-4,61192193,3
8413500090,0.00354850873674728,61174712,3
8419819080,0.23109113353897304,61031329,3
9031905400,0,60527081,3
8484100000,0.18794386191872503,60392374,3
9030100000,0.013082108740674281,60179671,3
8483407000,0.22426707179171324,59548363,3
9001909000,0.00357095326606804,59270168,3
8412210075,0.00811508561014517,58744790,2
8483409000,0,58617570,2
9026802000,0.01009637000715724,56999892,3
8802120180,1,55961825,3
9032100030,7.455076053779486e-4,54899507,3
8518108030,0.378719108426843,54696308,3
9002909500,0.05812805855448266,53580458,3
9030390100,0.00117386514430062,52906418,3
8421190000,0.04301471239100374,52814325,3
8412310080,4.474007954865522e-4,52547962,3
8413500050,2.943330016275114e-4,51971746,3
4011300010,0.9995153934376738,50736003,3
8543708000,0.4308548220111835,50284620,3
8414909180,0.00885642623931237,50142686,3
8529104040,0.4305979686438211,49909908,3
8443321010,7.963860024452485e-4,49896658,3
9014208040,0.9891139056242212,49818418,3
8413702005,0.11304768645373142,49727015,3
9405196010,0.00684356811716424,49272104,3
8421390140,0.46511743808208017,48939023,3
8413600040,0.03969484948373836,48397362,3
8543709100,0.003595944072315,48286068,3
4823908680,0.00234191497549474,48146496,3
8802110145,1,47881310,3
8408909020,0.13323997619889782,46908752,3
4009320050,0.03356984110778482,46760126,3
9401104000,0.988574605591608,46363301,3
8302423015,0.5554436434830937,46228753,2
9026102080,0.313185498299383,46070045,3
3917390050,0.05136743004108279,46049705,3
8428100000,0.04103624973492115,45943867,3
9030890100,0.01114192510741451,45902301,3
8483908080,0,45556296,2
8507208091,0.00793748161953589,45156640,3
8504409530,0.01661888744074891,44717133,3
8504409520,0.1200479874244531,42454456,3
4016935010,0.08424971816491922,42130135,3
9032896060,0.30231339737790996,41167160,3
9026906000,9.895999141972256e-4,41080238,3
9032906180,0.17008329288559632,41026193,3
8526910020,0.17435962912323577,40719294,3
8443321090,0.03084690723390593,40648289,3
8413190000,0.15728766665765548,40468138,3
9030908400,1.0512637893123068e-4,39885327,3
8412294000,0.3583836720992558,39882947,3
9001904000,0.02326628027963717,37888953,3
8807200060,0.5125568096712281,37767117,3
8412909085,6.340446832053814e-5,37710276,2
8531100045,0.09140006564419456,37624043,3
9031804000,0.35696899502098034,37581093,3
9405118020,0.07603390146643874,37561679,3
8483408000,0.05351910057998044,37468679,3
3926904510,0.09039599695822698,37425540,3
8414596560,0.19709640773985648,37301725,2
9014906000,0.6104816474782465,37152442,3
8483308090,0.00118582865323846,36868733,2
3917390010,0.1293463264531295,36698089,3
8411814000,0.994353026875816,36631483,3
4009120050,0.00512924852808982,36134338,3
9030908961,0.06477449927628498,35967889,3
8414596540,0.0751675883042291,35886305,2
8484900000,0.0270726187070367,35691671,3
8501534080,0.2829553511650097,35437386,2
8539510000,1.0180418507976796e-5,35362004,3
9020006000,0.5528682038550047,35167584,3
8483608000,0.13500182816453943,34315839,2
9403708031,0.0066181416122818,34234686,3
8414596595,0.18829518609479112,34049341,2
9405198010,7.665150381974684e-6,33919752,3
8412100010,0.915607527080211,33640986,3
9030906800,0.02277439382397483,33212300,3
8428330000,4.353087264652444e-4,32955921,2
8807100060,0.5915344218342583,32200187,3
8411824000,1,32125903,2
8529908700,1.6780043159814184e-4,32073815,3
8425110000,0.02746116140248233,32018857,3
8501528040,0,31720189,2
8409100040,0.8549526250599253,31664420,3
8419501000,0.2061730037891878,31652694,2
8413200000,3.942214507963726e-4,31576161,3
9405116010,0,31312947,3
8411911060,0.8884087303634752,31068443,3
8504504000,1.686038078967389e-4,31066914,3
9031905900,5.337211141227538e-4,31003083,3
8418690110,0.027807570097653,30765759,3
8502110000,0.18439431343584536,30669064,3
8425310100,0.30351592229159985,30646468,3
9030310000,4.928361270948312e-4,30452313,3
9403200035,0,30450538,2
8412390040,0.8832251733441125,30241004,3
8414801675,0,29730403,2
8501316000,0.21138751482744933,29603035,3
8501620100,0.8853329344228575,29413450,3
8414809000,0.20084966198901488,29247866,3
8413810040,0.00203886923389695,28940061,2
8307103000,0.06154032048797531,28775557,3
9031808070,0.03347780216787743,28760759,3
9030840000,0.28057622529775195,28620472,3
9030908940,0.02577983994858046,28589937,3
8501610100,0.6197157909930868,28466867,3
9403708015,0.04945636616944027,28384455,3
4009420050,0.01452595649965937,28221756,3
8415908085,0.03978152254130085,28149174,2
8414596590,0.03009466773213376,28040283,2
8483405080,0.03652810317780752,27712471,2
9032896075,0.24844792407975855,27242063,3
8413919060,0.1009270623862294,27199464,2
8412210030,0,27056388,2
3917390020,0.00132929914301893,26778773,3
9032896030,0.7039549361245729,26648041,3
8412390080,0.04900365186416655,26587243,3
8418100045,0,26208167,2
9025801000,0.06476828736100071,25905255,3
3917310000,0.1344963638262472,25805285,3
8302498050,0.959114661129326,25591105,3
8419815080,0,25216229,2
8414909140,3.1448748199436327e-4,25002585,3
8413600020,0.14943760322740174,24877721,3
8543901200,0.5389895506408751,24643808,3
8507208031,9.896411048206932e-4,24554356,3
6813810050,3.3110073916986504e-4,24152770,3
9030201000,1.7931913508939523e-4,23767681,3
9026806000,3.1501315485760184e-4,23541874,3
9032896040,0.4683242149699291,23271720,3
8414308070,0.00962532778046798,23257182,3
9033009000,0.07352885577913215,22773549,3
3917290090,0.09787959655270916,22627392,3
8428200010,0.08785441573673669,22582166,3
8302426000,0.01501101573261587,22505539,3
8415908045,0.00624997972488317,22502953,2
8479909530,0.01031772308385525,22157408,2
9032896025,0.10105569541472104,21977267,3
8483103050,0.1623067071419103,21899477,2
8413702025,0.1306585423065384,21818826,3
8412298045,0,21773245,2
8517610000,0.22816085545002152,21754538,3
9405994090,0.03380832166671765,21725095,2
8483901050,0.0680549673573646,21501634,3
8504407012,0.0027405464818464,21211098,3
8412298075,0,21096004,2
9026106000,0.12075958702942502,21007889,3
4016993550,0.0755052755177269,20817009,3
4016100000,0.2839701915661297,20642480,3
8531809041,0.00927591028478402,20277363,3
9032100090,0.04585893600113944,20115905,3
9403200086,0,20027118,2
8302106060,0,19935658,2
8479896500,0.0010080702925832,19894446,2
8518500000,0.02508792506553137,19777921,3
8504407007,0.03880037681642412,19581949,3
8425390100,0.22392482764988697,19548145,3
9403200046,0,19362420,2
4009220050,0.0140588789742887,19242217,3
8418400000,0.00282892184687,19122126,3
8483101030,0.6719722119650765,18743031,2
8502120000,2.138199876251523e-4,18707325,3
9031907000,0.0094753558829092591,18579566,3
8805290000,0.9225175892451648,18388083,3
9014208080,0.4042623456625588,18383258,3
8414308060,0,18172165,3
8531100025,0.1202569632634779,18155747,3
9032894000,0.19653775382884453,18112057,3
8411214000,0.9993323088354292,17972381,2
8483103010,0.05907878591457771,17957715,2
8414308080,0,17833155,3
3917220000,0.05793963940049285,17814833,3
8419908500,0.00705112285655296,17713349,3
8411999081,0,17616798,3
8302498090,0.1870179835851511,17501349,3
8412809000,0.5971736221354769,17406519,3
8414308050,0.0015353530102139,17234473,3
8414308010,0.01578412488001046,17211914,3
8543908885,0.00888290905264688,16688677,2
8414802075,0.6406308150747932,16514190,3
8483509080,0.1843106105835917,16434572,2
8517140080,0.1299848856949256,16111227,3
8425190000,0.0669170476201757,16040890,3
8413702015,0.00312950801446287,16028398,3
8543906800,0.00875260360588336,15909666,3
9032896050,0.6452337369062497,15757995,3
8529902100,0.21348812519485505,15748890,3
8802200180,0.9882230545423246,15335980,3
8516804000,0.35496773569778384,15245487,3
8411114000,1,15006714,3
9403200075,3.2880697956483296e-5,14993599,2
9001906000,0.00128953316896907,14982166,3
7312109090,0,14912721,2
8414802055,0.06212148456684929,14904280,3
8507308090,0.44025582370407623,14897134,3
8502130040,0,14788040,3
8415830090,0.10573815457565294,14772624,2
4016935020,0.05704219416648437,14664776,3
9030333400,0.02248330570776491,14648869,3
8302496055,0.8142566638164728,14306629,2
9025900600,0.05549970824453121,14236237,3
9026104000,0.21391888800079284,14065046,3
8483405020,0,13928830,2
8302423065,0.00198685334823056,13913961,2
8418610100,0.01261860875908904,13710307,3
8531801500,0,13567821,3
9405198020,0.01933022485958058,13521105,3
8529901620,0.7535639022806696,13252117,3
3926909987,0.00503696476543547,12815853,3
9014202000,0.8732465485264986,12745933,3
8531100035,0.1452012672249949,12733966,3
8483905020,0.01468588380044666,12723715,2
9030320000,0.02429406681756019,12617731,3
9026904000,0.07718132922849985,12517276,3
8504406012,5.921858905212352e-4,12462303,3
8807909030,0.7182141906909802,12376663,3
9403704031,0.35362491890534475,12312772,3
8504407001,0.118896941189083,12238187,3
8802110190,1,12218304,2
8411911090,0.5839469034262932,12182933,3
8529104080,0.5602022776360651,12098421,3
4011300050,0.3338457527040547,11766404,3
8412909005,0.21461260755273692,11747609,2
8526100020,0.5019698121767189,11568108,3
8414801660,0,11549503,2
8501322000,0.12163261163459392,11547339,2
7608200030,0,11539161,2
8504320000,0.08698510920605085,11505498,3
3917230000,0.06561044730132237,11492499,3
8413500070,0.02065459159144933,11463117,3
8507808200,0.3009862446208015,11451520,3
8419902000,0.11704644016187926,11341541,3
8413911000,3.130846548332622e-4,11297264,2
9405616000,0.17010587110312958,11293261,3
8414904165,0,11273843,2
8412801000,0.09308221881205436,11237635,3
9032100060,0.04421832199975262,11148139,3
8302109090,0.08713548729164722,10890121,3
9405194010,0,10816278,3
8411118000,0.6454738265085733,10743943,3
8412298015,0.02143569593585603,10583188,2
8483509040,0.1737955294648562,10530104,2
8529908100,0.08092003332351172,10459882,3
8479899565,0.02162658593369748,10352813,2
8413919085,0.04364791752591979,10129922,2
9030908923,0.11357693779600332,9916485,3
8415820170,0.6439948091305905,9813385,2
8411991040,0.9783991947557844,9755053,3
9002904000,0.01186639158244773,9676067,3
8421390105,0,9607769,3
8428200050,0.4460421108367124,9597957,3
8529901940,0.3718927450959696,9569017,3
8414801670,0.00610455899221251,9527961,2
8504330040,0.00168944997803033,9424369,2
9403704015,0.01591326348981681,9328759,3
8413919010,0.18199574557855103,9309844,2
9405114010,0.00364091233208463,9296571,3
8412210045,0.10039623404803856,9227627,2
8415908050,0,9209619,2
8302109030,8.428291906620311e-4,9147761,3
9030908931,0,9145998,3
8806220000,0.4019637040012098,9072956,3
8502130020,0.30332720105940514,9021667,3
8504406007,0.0016008152999889,8997915,3
8529909520,0.9586780658722096,8962262,3
8414308020,0,8903868,3
8517140050,0.16022210377819268,8795528,3
3917400080,0.0018586650189688,8791256,3
7306305090,0.00631250099728053,8773860,2
8807300015,0.9942225589298072,8732932,2
8443321080,0,8707003,3
8543908845,0.40041439125164224,8621321,2
8408909040,0,8367710,3
9001905000,0.00852251754741706,8344248,3
8419815040,0.00760702014326586,8293392,2
8414801680,0,8188596,2
8483506000,0.1978760432273433,8179545,2
9032892000,0.06186894837197065,8140578,3
8543704200,0.9699519875817432,8068121,3
8479904100,0.05957870275250276,7962644,3
8517710000,0.30827618593767636,7787319,2
8413919055,0.00201322783717938,7782527,2
8479899560,0,7731518,2
8504100000,0.2971169732073704,7691257,3
8418100065,0,7628968,2
8529904900,0,7510758,3
9030904600,0.02804109060261495,7486870,3
9032200000,0.4449587409375987,7431943,3
8483101050,0.24126061722050585,7337961,2
8504312000,0.07677993202493494,7318566,2
8501206000,0.24899135249543547,7309045,3
7304598020,0,7244514,2
8307903000,0.05734808811815128,7170736,3
8807100015,0.03131332932831654,7116075,3
8415820130,0,7037174,2
9405114020,0.06296611463420854,7014503,3
8418690120,0,6966363,3
8414801665,0,6946131,2
9025805000,0.04637805073889423,6818635,3
8415820120,0.981338427352358,6782333,2
4823906700,0.14669061757286606,6718187,3
8483401000,0.03348654688098651,6697406,2
8418300000,0.07244101980118678,6663338,3
8529903900,0.9668691446158656,6650930,3
9405920000,0.4591747944366855,6625331,3
9405992000,0.01676382548381883,6362092,3
8479892000,0.04975700929260207,6325139,3
8418690140,0,6259865,3
7306405085,0.0023309877998372,6256146,2
8412210015,0.0869920299596697,6248400,2
8507308010,0.6970529133484001,6202159,3
9030908922,0.00420084700896528,6199226,3
8407100040,0.9930167649749464,6179371,2
9030908956,0.00583164476809894,6173387,3
8302200000,4.63245027351622e-4,6150093,2
8483403080,0.0067427767646121,6113950,3
8412310040,0.1656373851413948,6045803,3
8483604040,0.00642522743344475,6018464,2
8501516040,0.01326352583033019,5984457,2
8504406001,0.01896747873110149,5978918,3
7326200090,0.03563120745961645,5972854,2
7304413045,0.02194962075100659,5926845,2
8802200140,1,5893365,3
8425420000,0,5865031,2
9014902040,0.5918666535912074,5843007,3
8421290040,0.00231694015270467,5840030,2
8529909720,0.4414584301835251,5833752,2
8483905010,0.10221879576190884,5804500,2
7312103005,0,5789264,2
8479891000,0.40025714520319566,5772614,3
9403200040,0,5770923,2
3917210000,0.05110009211272592,5740792,3
9031808060,0.00657414272830059,5734588,3
8529901640,0.6360825131380574,5669788,3
8483908010,0,5598852,2
8501318100,0.1746880903265493,5569481,3
9030908911,0.00197850118683073,5557237,3
8414904140,0.4155830135481271,5548516,2
9032906120,0.08621249405974607,5525858,3
8414519060,0,5323732,3
8443325000,0.01723240354095478,5267054,3
8483308020,0.5882382645902637,5247729,2
8407100090,0.8869469715941785,5230970,3
8504314065,0.0054959005250238,5222620,2
9014204000,0.7794418590726915,5144113,3
8807200015,0.9991993155558686,5139353,3
8414200000,0.00478705636415821,5101256,3
8501630100,0.06574845305094834,5090827,3
8519893000,0.02837597107174938,5073518,3
7322900015,0.01341574650807908,5069416,2
6813890050,0.1984750642334414,5063951,3
8529102120,0,5032562,3
8529909760,0.09567157595525244,5012471,2
8518108040,0.17253056409422962,4996222,3
8531100015,0.036243671699082713,4962825,3
8411991010,0.2882314242788645,4902165,3
9032810080,0.09380691238466544,4901174,3
8802200150,1,4894759,2
8302106030,0.00194643948224304,4875569,2
8479899595,0,4853368,2
8519813020,0,4792092,3
8543706000,0.04849207111163056,4791340,3
8483308065,0.2887866017435703,4772621,2
8519892000,0,4730025,3
9025804000,0.0163447757127797,4727688,3
8413702022,0.28607600621462703,4676065,3
8479909550,0.01383086727169202,4664928,2
7306697060,0,4658373,2
7306613000,4.615557807047254e-4,4619160,2
9032810060,0.10657254929141224,4616930,3
8419905040,0.00186852139855941,4612203,3
9029908040,0.05264283279942994,4583226,3
8302106090,0.0978717837296279,4563399,2
8411919081,0.9589039681381896,4551656,3
8517140020,0.00330307638414473,4470378,3
8522908081,0.01638892909829603,4442023,3
8483308040,0.26188472575858857,4438407,2
8302496085,0,4421633,2
3926909940,0.01220212257289921,4379402,3
8802200115,0.9963492463098592,4309795,3
4008292000,0.1532868672919504,4288293,3
8302603000,0,4288037,2
7304490015,0,4284738,2
8806240000,0.997567555072044,4239356,3
7304490060,0,4166131,2
7324900000,0.0076027713537089,4162298,2
8413600070,0.4526362596843999,4151393,3
7304316010,0,4142489,2
8415109000,0.03712328068910786,4120110,2
7306611000,0,4101805,2
9014902080,0.5204134969316159,4092219,3
8411999030,0.5565230848417428,4083827,3
9403200017,8.740525373527319e-4,4076414,2
7306405064,0,4014842,2
9030902500,0.01759121482664338,3967776,3
8801000050,0.7276715265214284,3946620,3
9405196020,0.12850985714158758,3938515,3
8543709500,0.01110114905160064,3937160,3
3926909950,0.00364335089101441,3912058,3
8443321020,0,3910796,3
8529907700,0.10721098268494,3893547,3
8483308070,0.10514707912309572,3875771,2
9025194000,0.1725085151222323,3873403,3
8414801685,0,3842030,2
8483908040,0,3837047,2
3917400060,0,3821543,3
8418690160,0,3763999,3
9025198020,0.00669882657352116,3754986,3
9002902000,6.071438979610155e-4,3705876,3
8504330020,0.4790809113655656,3682474,2
8443321030,0.00572945043929884,3665273,3
8529909560,0.6744707724506631,3619804,3
8543903500,0.02068214844623295,3578400,3
9031909160,0.02926034630061291,3575795,2
8302494000,0.03517329556088344,3553207,3
8479899585,0.4719296682290147,3523756,2
8414802065,0.4943051067450597,3491637,3
4016993510,0.01295443634774262,3489075,3
8414802005,0.00265097044711171,3470050,3
9025198060,0.01285758135862935,3463093,3
8415820110,0,3438855,2
8479908500,0.00809253232341133,3435513,2
8411919040,0.13293544225643394,3386689,3
8529901300,0.26425914949588747,3348955,3
7312109060,0.0346121889603852,3330243,2
8409100080,0.1469516847163551,3314831,3
7007211190,0.5672711716100822,3300552,3
8529905500,0,3276296,3
9014107030,0.6935109271618549,3263702,3
8504314035,0.02881974362022754,3263596,2
9029908080,0.10156054105631385,3258293,3
8502200060,1,3228155,2
8414901040,0.4144488112494209,3212112,3
8414801605,0,3181438,2
3917400050,0.0017839637976571,3143001,3
8424100000,0.09696803847310498,3139024,2
3926909905,0.2510532114641557,3129476,3
8414593000,0.2139021685630923,3100394,2
8414801690,0.00875833687177807,3096935,2
8302423010,0.00188424371380124,3063298,2
8407100020,0.651358621394414,3062921,3
8412298060,0,3060372,2
9032810020,0.13398821745110123,3056724,3
8483903000,0.06041681189073389,3055623,2
8479909565,0,3042422,2
8412298030,0,3011876,2
8412100090,0.3922878769124416,2997281,3
7608200090,0.01317771657257638,2957265,2
4823901000,0.00118476339495465,2847826,3
8415810130,0.09005208521030172,2830362,2
8501406040,0.05569071488972521,2827527,2
9020004000,0.00468705823517123,2815412,3
8806230000,0,2800805,3
7304515060,0.00388285172335356,2791505,2
9025803500,0.10026515143340752,2780298,3
8483901010,0,2779699,3
8479899596,0,2742092,2
8806940000,1,2698852,3
8806920000,0.7400014875294185,2635242,3
8802200160,0.9848145219013288,2609796,3
8413912000,0,2591195,3
8415908070,0.9409196611504816,2574122,2
4017000000,9.023122529336902e-4,2571172,3
9014109000,0.02271486595943017,2537105,3
8518294000,0,2456816,3
8413701000,8.434065549211001e-4,2427062,3
9403200048,4.7336022339949935e-4,2412539,2
7306401090,0.00494128640763502,2390673,2
8415810110,0,2372766,2
4504900000,0.0259730686900087,2347008,3
8412909025,0.00134688923179548,2344662,2
7306401015,0.00768682780392615,2335814,2
9403200011,3.98206094445408e-4,2325429,2
8483304040,0.5354392518481753,2296860,2
8529901920,0.8250739769271431,2290917,3
7306617030,0.00244056398316827,2287586,2
7312103012,0,2279201,2
8483403040,0,2271690,3
9032896070,0.24869449300950597,2260999,3
9403200078,0.01248430254806254,2226476,2
9025114000,0.00433154822434067,2178205,3
8529102190,0.540537754230815,2133986,3
8419901000,0.0012653395452844,2132234,2
8415820115,0.9928561025000118,2128390,2
8414904120,0.00993111650725997,2118795,2
8806210000,0.13895809390113156,2074352,3
7306405090,0,2069751,2
8479907500,0.06162660799080721,2064222,2
3917400020,0,2053074,3
8501516020,0,2048978,2
8501536000,0.5682769437686274,2031286,2
7312106030,0,2029678,2
8421290005,0,2028030,2
7306305057,0,2026334,2
8501325520,1,1999213,2
9405194020,0.00303177962798972,1988601,3
8483604080,0,1971699,2
3917290050,0.02453483839047754,1944378,3
8529908300,0,1929459,3
8529900600,0.10775191969400244,1907205,3
3926909600,0.00848680770845145,1901186,3
8414801645,0,1893182,2
8543901500,0.02896576086956526,1840000,3
7304316050,0.01805200428059106,1836195,2
8501325540,0.00890073083932552,1833782,2
7306305010,0.06072996690349885,1822247,2
9014901000,0.9728864072824058,1801163,3
8519813010,0.5294645100607268,1798876,3
8519814105,0,1791633,3
8415830070,0.28078113341543887,1779824,2
8421390160,0,1767496,3
8529901660,0.12426022429925598,1765231,3
8411911040,0.23138932550191504,1726039,3
8412909075,0.990873048094667,1711853,2
8412909035,0.7084542673245632,1706854,2
7304390024,0.00698266326520391,1696917,2
7306301090,0.08982128138608847,1694899,2
9014107060,0.4678957710732412,1649331,3
8531809031,0.13443856329470338,1637246,3
8529909380,0.00876367670758471,1625117,3
7306405040,0.5126474084206101,1612781,2
8421290015,0.03355357709464879,1607310,2
8418100085,0.05322562567453715,1588126,2
8413810030,0,1574580,2
9032904100,0.11429664969558873,1572872,3
7312106060,0.8195188945646157,1569843,2
8518301000,0.29724357537690205,1566123,3
9405994020,0.01909439822460168,1533853,2
7312103074,0,1520819,2
9002908500,0.03141652458990407,1513853,3
7304416015,0.02758933337625302,1491156,2
8806990000,1,1487560,2
8415820105,0,1480321,2
8479909560,0.00415410820720718,1477092,2
8504316000,0.0057508581799115,1472302,2
8413810020,0,1456792,2
8518104000,0.00701720664101512,1456705,3
9032896015,0.2519147084421236,1447740,3
8483902000,0.04211664941371196,1440333,2
8501721000,0,1434840,2
7304413015,0.01539858024962548,1411234,2
8806290000,0.9027493740014858,1394572,3
8522902500,0,1370122,3
8529909540,0.6500681055580779,1354515,3
9405614000,0.10174845295635482,1353711,3
8479897000,0,1347154,3
8418690130,0,1339536,3
7326200020,0,1326210,2
8302496045,0,1311723,2
9025198010,0.0016816948519136,1295122,3
8529907800,0.00164771829362386,1290876,3
7312108000,0,1265085,2
7312109030,0,1256183,2
8502400000,0.01109057301293903,1218873,3
9031909130,0,1218800,2
7304598040,0.26403123474865786,1194567,2
7312102000,0.10989738413659687,1188900,2
7306505010,0.00452688367374221,1167028,2
7306405062,0.0242733452910826,1128975,2
7304416045,0,1124173,2
4012130010,0.9833929483903936,1111576,3
7312103080,0,1101870,2
7322900045,0.05662923684371734,1077394,2
8501326100,0.7959910210588278,1065159,2
7304598080,0,1057557,2
8414304000,0,1049212,2
7304390076,0,1039931,2
8419905080,0.07012139069633061,1028003,3
8529906800,0.1946626617375231,1004096,3
8483308055,0.3651662228158112,994328,2
8302496035,0.07053004248432126,988600,2
7413009000,0.00528907215059937,977109,2
8414801615,0.01858575078757529,974510,2
8414801625,0,948346,2
9620005000,9.95734244613411e-4,936997,3
9620006000,0.0027490767585564,932313,3
7304598070,0,930304,2
7304598055,0,927761,2
8511804000,0.04734733112997646,925860,3
9030908921,0,922264,3
8414903000,0,919252,2
8415106000,0,916791,2
8801000020,0.7745081140992018,916676,3
7304390080,0.0344455250854494,895559,2
8483304080,0.02023570094781779,889517,2
7304390072,0.1429478862883624,889478,2
7304390004,0.7466466277990806,886943,2
8415908020,0.3837974418808189,879787,2
7306401010,0.09456580074222098,875750,2
8411991080,0.13255032213716533,874317,3
7304598025,0.2773378219945165,869153,2
4012201010,0.00115776993556859,862002,3
8415904000,0.13001447778557496,857866,2
8415820155,0,855614,2
9025802000,0.6397915856672012,846199,3
8529102150,0.03200088424128256,832352,3
8418100020,0.00910297766149348,827092,2
8529900900,0.09014026901835892,826412,3
9014101000,0.4650685421182925,825259,3
8501315000,0.5543850061358453,812439,3
8426990000,0.16827232412420934,808184,2
8502310000,0.9273565479833584,807134,2
7304592045,0.22967526276290384,798153,2
8479899550,0,795291,2
3926909930,0.06129242811634194,795139,3
9403708020,0,795117,3
8418100090,0,787149,2
8414801635,0,776878,2
8414801655,0,772061,2
9403708003,0.14407389666716397,764094,3
9031904500,0.03562008774138825,754490,3
9405696000,0.29696212254007925,747331,3
8501332080,0,746732,2
8414904180,0,735954,2
8415830060,0.991944562273632,735528,2
8543906500,0,730388,3
9032902100,0.4976236332007953,708224,3
7312107000,0.003143480142199,707178,2
7306305015,0.09322335467974008,705349,2
8413500010,0,676827,3
8483101010,0,674752,2
9403704020,0.03437424495985219,674633,3
7306695000,0,674596,2
8543908500,0.00634350652184712,664459,3
8418100030,0,664288,2
9031902100,0.0053667235539363,652167,3
8519812500,0,641481,3
7306505050,0.00394778742827173,640612,2
8507208010,0.00370629028876268,634327,2
8415820135,0,603568,2
8414801640,0,603379,2
7324100050,0,603256,2
4823902000,0,593445,3
8522906500,0,588651,3
8529902401,0.28906878343882225,571940,3
9029204040,0.7799145958925383,550559,3
8413600050,0,526735,3
7304598045,0,506479,1
7304598035,1,482868,2
6813810010,0.4989610703265862,480302,3
9032906160,0.07846515072988647,476581,3
7324100010,0,471260,2
8529903600,0.19444361844480784,470810,3
8414308090,0.00803783934247237,463433,3
8529908900,0.00508577897761908,459320,3
7312101070,0,455614,2
8413919065,0,453502,2
9026804000,0.29220540243340076,451056,3
8501515040,0.02037095169078895,449169,2
8539100060,0.6081627892371049,445828,3
7304390056,0,445221,1
3926909400,0.03074753045338807,440263,3
8413702030,0.00608662120942737,433081,3
9030200500,0.01155300054530161,432788,3
8501405040,0,428325,2
7306405044,0.6104608135199445,426984,2
7306305031,0,426925,2
7304515015,0,421364,2
7304592030,0,420049,2
9032906140,0.0628100370535768,414265,3
7322900030,0.02054010656520444,401069,2
8521106000,0,397379,2
7306305056,0.13400806635720264,394230,2
8529904600,0,394160,3
8421390120,0,392565,3
9403704002,0.3819278278831012,391176,3
8507208061,0,373814,3
4823908000,0.19993247896719823,370255,3
8529906300,0,369243,3
9109902000,0,364970,3
7306405080,0.3172340325968174,363287,2
8302109060,0.00659222271623516,350868,3
4823907000,0,347151,3
9014106000,0.35352691316760676,344664,3
8519891000,0.06620334030086816,340149,3
7312100500,0,338486,2
7304591000,0.03844994592422302,338414,2
7304390008,1,338278,2
8529904300,0,333040,3
3917400030,0.04218099547511311,331500,3
8418100080,0,327626,1
8529901960,0,312326,3
7304598030,1,311848,2
4823906000,0.0749664033399915,299881,3
8501722000,0.3888297456234928,294013,1
7312900000,0,284464,2
8501515020,0.5361182030914327,281617,2
7304901000,0.04748792587250594,274554,2
9405612000,0.3691425091977507,272621,3
8519814110,0.19853675513724545,264344,3
9014904000,0.5670602251378474,261884,3
7304907000,0.20016367676134172,261491,2
7306305033,0,261118,2
8418100010,0.07767929832107034,260404,2
8483504000,0.0096247191634537509,252371,3
7304490005,0,249492,2
7304390028,0,249289,1
9405994010,0.00991150735096568,241941,2
7306405005,0.9850962845254772,239135,2
7306405015,0.06017755657934565,237896,2
8479904500,0,233692,2
7312105000,0.012679353244614,230690,2
8529907300,0,230161,2
8407100060,1,229075,3
8501534040,0.29410503657554865,228568,2
7304390044,0,218400,2
7304390020,0,216867,2
7306615000,0.08619751075956728,214925,2
8539100030,0.6732413041934033,211165,3
9001908000,0.27635288422291626,210698,3
7326200010,0,205702,2
8801000010,0.35490752519816027,204380,3
8501528020,0.0125235344086716,201301,2
8501336100,0.8218148331656732,199809,2
8412210060,0,192676,2
8522903600,0.05594063661959725,186108,3
8415908010,0.14084530034989584,183769,2
3917400010,0.01370953476030423,180896,3
8302498040,0.12865049098791548,180147,3
8807909015,0.7655180205626483,177020,3
8531809005,0.1377585094461361,176686,3
8501710000,0,174535,2
9104004000,0.5799046462732091,168845,3
8514204000,0.5767285414862507,159354,2
8529900400,0,158556,3
9405694000,0.19754770205178696,150308,3
4823903100,0.4896912611198325,143325,3
7304592080,0.2138467516766932,138964,2
8428900310,0,138669,2
7304511000,0.2622804206384105,134177,2
8529900500,0,133054,3
8479906500,0,122830,2
7304592070,1,120870,2
8414904155,0,118828,2
8501802000,0,118316,2
8501346100,0.5871131690927541,117267,2
8806910000,1,115771,2
8412909050,0,112782,2
9403708002,0.961496028243601,108768,3
7306305085,0.25830397468564015,108713,2
8501406020,0.2368766646936964,108128,2
7306501000,0,107771,2
8518401000,0.37294170842910435,106156,3
7306691000,0.04144791378833934,104951,2
7312101050,0,102690,2
7306505030,0.9727754734700266,102224,2
7306303000,1,101837,2
6813200010,0.97939771796255215,100086,2
8411224000,1,100000,1
4823905000,0,97079,3
7304313000,0.05520121330480132,96266,2
9025801500,0.02782445708376424,92832,3
7608100030,0.0769748351500471,89172,2
7306305026,0.2931098265895954,86500,2
4823904000,0,86130,3
7608100090,0.02618471278279488,85928,2
7306693000,0,84500,2
8529902900,0,82898,2
7304390006,1,82812,2
8806930000,1,80943,2
8415830050,0.39443465657057886,80031,2
8522908040,0,76703,1
3926909925,0.05540469516468116,68496,3
7312103045,0,67368,1
7304598065,0,67049,2
8529909740,0.18272319534517245,65996,2
8501205000,0,60302,3
7304413005,0,56734,2
7304515045,0,56575,1
9403200016,0,56164,2
8501405020,0,55249,2
8415820140,0.5352172783612277,53894,2
7304598015,0,53083,1
9405692000,0.10271719495731212,52591,3
9403704003,0,52208,3
7304905000,0.22988372765662057,51861,2
8519814120,0,51032,3
8521103000,0,50875,2
7304903000,0,50610,1
7304416005,1,48311,1
4012130050,0.9770452227841252,48051,2
8529903300,0,46537,3
7304390068,0,43975,2
7304598050,0.5530596814711837,41001,1
7306617060,0.18219517581527744,40753,2
7312103070,0,34067,1
8501332040,0,33628,2
7312103065,0,33572,1
7326200040,0,31325,1
9403704001,0.05539717506803166,30868,3
7304390002,0,30795,2
9002907000,0,29883,1
7306305027,0,28928,1
4012201050,0,28517,3
7304390052,0,28404,1
7306505070,0.09273710573118944,27551,2
7312103010,0,25930,1
9403708001,0,25421,2
7306305020,0.15927843391037044,24724,2
8522905880,0,23654,3
7304515005,0.4531364994155591,23099,2
9025112000,0,21934,1
7304390062,0,21818,2
7306305041,0,21694,2
8521109000,0,21343,3
8529909345,0.10435831699592824,19893,2
7306305028,0,17204,1
8415820160,0,17162,2
6813200025,0.12836266030420518,16765,3
8519811000,0,16526,3
8502200070,0,15684,1
7306697030,0,15271,2
8522904500,0,14293,2
6813200015,0.160598819229688,14228,3
8543908865,0,13500,1
9104002000,0.8205875756896165,13377,1
4823908620,1,12646,1
8501729000,0.6520627344016365,11732,2
8501333000,0,11078,1
7304592040,1,10818,1
6813890010,1,9640,1
8414904145,0,8605,2
8415810120,0,7399,1
7304592060,1,6604,1
8522905840,0,5770,1
8479905500,0.5081996756172283,5549,1
7304390032,0,5351,1
8802110130,1,5000,1
7304598010,0,3540,1
7304390036,0,3318,1
6812991000,0,2741,1
7304390016,0,2554,1
7304592055,1,2476,1
7326200030,0,2386,1
7312101030,0,2264,1
8501801000,0,2151,1
