hts8,condition
02011005,none
02011010,none
02011050,none
02012002,none
02012004,none
02012006,none
02012010,none
02012030,none
02012050,none
02012080,none
02013002,none
02013004,none
02013006,none
02013010,none
02013030,none
02013050,none
02013080,none
02021005,none
02021010,none
02021050,none
02022002,none
02022004,none
02022006,none
02022010,none
02022030,none
02022050,none
02022080,none
02023002,none
02023004,none
02023006,none
02023010,none
02023030,none
02023050,none
02023080,none
02061000,none
02062100,none
02062200,none
02062900,none
02102000,none
05080000,none
07020020,none
07020040,none
07020060,none
07099905,none
07099910,none
07108015,none
07119030,none
07123200,none
07123410,none
07123420,none
07133420,none
07133440,none
07141010,none
07141020,none
07144010,none
07144020,none
07144050,none
07144060,none
07145010,none
07145020,none
07145060,none
07149042,none
07149044,none
07149046,none
07149048,none
07149061,none
08011100,none
08011200,none
08011901,none
08012100,none
08012200,none
08013100,none
08013200,none
08024100,none
08024200,none
08026100,none
08026200,none
08027010,none
08027020,none
08028010,none
08028020,none
08029110,none
08029190,none
08029210,none
08029290,none
08031010,none
08031020,none
08039000,none
08043020,none
08043040,none
08043060,none
08044000,none
08045040,none
08045060,none
08045080,none
08051000,none
08055030,none
08055040,none
08059001,none
08072000,none
08084020,none
08084040,none
08105000,none
08106000,none
08109027,none
08109046,none
08119010,none
08119025,none
08119030,none
08119040,none
08119050,none
08119052,none
08119080,none
08129040,none
09011100,none
09011200,none
09012100,none
09012200,none
09019010,none
09019020,none
09021010,none
09021090,none
09022010,none
09022090,none
09023000,none
09024000,none
09030000,none
09041100,none
09041200,none
09042120,none
09042140,none
09042160,none
09042180,none
09042220,none
09042240,none
09042273,none
09042276,none
09042280,none
09051000,none
09052000,none
09061100,none
09061900,none
09062000,none
09071000,none
09072000,none
09081100,none
09081200,none
09082100,none
09082220,none
09082240,none
09083100,none
09083200,none
09092100,none
09092200,none
09093100,none
09093200,none
09096100,none
09096200,none
09101100,none
09101200,none
09102000,none
09103000,none
09109100,none
09109907,none
09109910,none
09109920,none
09109940,none
09109950,none
09109960,none
10039040,none
10083000,none
10084000,none
10086000,none
11062090,none
11063020,none
11081400,none
11081900,none
12030000,none
12079100,none
14049090,none
15131100,none
15131900,none
15211000,none
15219020,none
16025005,none
16025007,none
16025008,none
16025021,none
16025060,none
16025090,none
18010000,none
18020000,none
18031000,none
18032000,none
18040000,none
18050000,none
19030020,none
19030040,none
19059010,none
19059090,none
20019045,none
20059160,none
20060040,none
20079940,none
20079950,none
20081915,none
20082000,none
20089100,none
20089913,none
20089915,none
20089921,none
20089940,none
20089945,none
20089991,none
20091100,none
20091225,none
20091245,none
20091900,none
20093160,none
20093920,none
20094940,none
20098970,none
20099040,none
21011129,none
21011290,none
21012020,none
21069048,none
21069099,none
22029930,none
22029935,none
25041010,none
25041050,none
25049000,none
25101000,none
25102000,none
25111010,none
25111050,none
25191000,none
25199010,none
25199020,none
25249000,none
25292100,none
25292200,none
25302010,none
25302020,none
25309010,none
25309020,none
25309080,none
26020000,none
26030000,none
26040000,none
26050000,none
26060000,none
26080000,none
26090000,none
26100000,none
26110030,none
26110060,none
26121000,none
26122000,none
26139000,none
26140030,none
26140060,none
26159030,none
26159060,none
26161000,none
26171000,none
26203000,none
26209950,none
27011100,none
27011200,none
27011900,none
27012000,none
27021000,none
27022000,none
27030000,none
27040000,none
27050000,none
27060000,none
27071000,none
27072000,none
27073000,none
27074000,none
27075000,none
27079100,none
27079910,none
27079920,none
27079940,none
27079951,none
27079955,none
27079959,none
27079990,none
27081000,none
27082000,none
27090010,none
27090020,none
27101215,none
27101218,none
27101225,none
27101245,none
27101290,none
27101906,none
27101911,none
27101916,none
27101924,none
27101925,none
27101926,none
27101930,none
27101935,none
27101940,none
27101945,none
27101990,none
27102005,none
27102010,none
27102015,none
27102025,none
27109100,none
27109905,none
27109910,none
27109916,none
27109921,none
27109931,none
27109932,none
27109939,none
27109945,none
27109990,none
27111100,none
27111200,none
27111300,none
27111400,none
27111900,none
27112100,none
27112900,none
27121000,none
27122000,none
27129010,none
27129020,none
27131100,none
27131200,none
27132000,none
27139000,none
27141000,none
27149000,none
27150000,none
27160000,none
28012000,none
28042900,none
28045000,none
28046100,none
28048000,none
28049000,none
28051910,none
28051920,none
28051990,none
28053000,none
28111100,none
28111910,none
28112910,none
28112920,none
28121900,none
28139010,none
28152000,none
28161000,none
28164010,none
28164020,none
28170000,none
28181010,none
28181020,none
28182000,none
28201000,none
28211000,none
28212000,none
28220000,none
28230000,none
28252000,none
28254000,none
28255030,none
28256000,none
28258000,none
28259015,none
28259030,none
28259090,none
28261200,none
28263000,none
28269090,none
28273100,none
28273945,none
28273960,none
28273990,none
28274100,none
28274950,none
28275951,none
28276010,none
28276051,none
28332100,none
28332400,none
28332500,none
28332700,none
28332910,none
28332945,none
28332951,none
28342100,none
28342920,none
28342951,none
28366000,none
28369100,none
28369200,none
28369910,none
28369950,none
28418000,none
28419020,none
28419040,none
28432901,none
28433000,none
28439000,none
28441010,none
28441020,none
28442000,none
28443020,none
28443050,none
28444300,none
28459001,none
28461000,none
28469020,none
28469040,none
28469080,none
28492010,none
28492020,none
28499030,none
28539010,none
28539090,none
29034510,none
29035110,none
29035990,none
29036990,none
29037800,none
29037990,none
29038915,none
29038920,none
29038970,none
29039200,none
29049940,none
29052990,none
29053990,none
29055910,none
29055990,none
29061950,none
29062960,none
29072990,none
29081960,none
29091918,none
29092000,none
29093060,none
29094910,none
29094915,none
29094920,none
29094960,none
29095040,none
29095045,none
29095050,none
29121950,none
29124926,none
29141900,none
29144090,none
29145030,none
29145050,none
29146200,none
29146921,none
29146990,none
29147940,none
29152930,none
29153931,none
29153935,none
29153947,none
29153990,none
29159010,none
29159014,none
29159018,none
29159020,none
29159050,none
29161930,none
29161950,none
29162050,none
29163150,none
29163946,none
29163979,none
29171300,none
29171910,none
29171970,none
29173401,none
29173930,none
29181151,none
29181350,none
29181650,none
29181960,none
29181990,none
29182210,none
29182250,none
29182330,none
29182350,none
29182920,none
29182965,none
29182975,none
29183025,none
29183030,none
29183090,none
29189930,none
29189943,none
29189947,none
29189950,none
29199030,none
29199050,none
29209051,none
29211911,none
29211961,none
29212900,none
29213010,none
29213050,none
29214290,none
29214600,none
29214938,none
29214943,none
29214945,none
29214950,none
29215980,none
29221100,none
29221400,none
29221909,none
29221920,none
29221933,none
29221960,none
29221970,none
29221990,none
29221996,none
29222927,none
29222961,none
29222981,none
29223100,none
29223925,none
29223945,none
29223950,none
29224100,none
29224250,none
29224400,none
29224910,none
29224926,none
29224930,none
29224937,none
29224949,none
29224980,none
29225007,none
29225010,none
29225011,none
29225013,none
29225014,none
29225017,none
29225025,none
29225035,none
29225040,none
29225050,none
29231000,none
29232020,none
29239001,none
29241100,none
29241911,none
29241980,none
29242116,none
29242150,none
29242901,none
29242903,none
29242910,none
29242923,none
29242926,none
29242928,none
29242933,none
29242957,none
29242962,none
29242971,none
29242977,none
29242980,none
29242995,none
29251200,none
29251942,none
29251991,none
29252100,none
29252920,none
29252960,none
29252990,none
29263010,none
29264000,none
29269014,none
29269043,none
29269048,none
29269050,none
29270040,none
29270050,none
29280025,none
29280030,none
29280050,none
29299020,none
29299050,none
29302020,none
29302090,none
29303060,none
29309029,none
29309049,none
29309092,none
29314900,none
29315300,none
29319022,none
29319090,none
29321400,none
29321951,none
29322020,none
29322030,none
29322050,none
29329961,none
29329970,none
29329990,none
29331100,none
29331935,none
29331945,none
29331990,none
29332100,none
29332905,none
29332920,none
29332935,none
29332943,none
29332945,none
29332960,none
29332990,none
29333301,none
29333400,none
29333500,none
29333700,none
29333908,none
29333910,none
29333920,none
29333921,none
29333923,none
29333925,none
29333927,none
29333931,none
29333941,none
29333961,none
29333992,none
29334100,none
29334908,none
29334910,none
29334915,none
29334917,none
29334920,none
29334926,none
29334930,none
29334960,none
29334970,none
29335210,none
29335290,none
29335300,none
29335400,none
29335910,none
29335915,none
29335918,none
29335921,none
29335922,none
29335936,none
29335946,none
29335953,none
29335959,none
29335970,none
29335980,none
29335985,none
29335995,none
29336960,none
29337200,none
29337908,none
29337915,none
29337985,none
29339100,none
29339901,none
29339902,none
29339905,none
29339906,none
29339908,none
29339911,none
29339912,none
29339916,none
29339917,none
29339922,none
29339924,none
29339926,none
29339942,none
29339946,none
29339951,none
29339953,none
29339955,none
29339958,none
29339961,none
29339965,none
29339970,none
29339975,none
29339979,none
29339982,none
29339985,none
29339989,none
29339990,none
29339997,none
29341010,none
29341020,none
29341090,none
29342040,none
29342080,none
29343023,none
29343027,none
29343043,none
29343050,none
29349100,none
29349200,none
29349901,none
29349903,none
29349905,none
29349906,none
29349907,none
29349908,none
29349909,none
29349911,none
29349912,none
29349915,none
29349916,none
29349918,none
29349920,none
29349930,none
29349939,none
29349944,none
29349947,none
29349970,none
29349990,none
29355000,none
29359006,none
29359010,none
29359013,none
29359015,none
29359020,none
29359030,none
29359032,none
29359033,none
29359042,none
29359048,none
29359060,none
29359075,none
29359095,none
29362100,none
29362200,none
29362300,none
29362401,none
29362500,none
29362600,none
29362700,none
29362800,none
29362910,none
29362916,none
29362920,none
29362950,none
29369001,none
29371100,none
29371200,none
29371900,none
29372100,none
29372200,none
29372310,none
29372325,none
29372350,none
29372910,none
29372990,none
29375000,none
29379005,none
29379010,none
29379020,none
29379040,none
29379045,none
29379090,none
29381000,none
29389000,none
29391100,none
29391910,none
29391920,none
29391950,none
29392000,none
29393000,none
29394100,none
29394200,none
29394400,none
29394500,none
29394903,none
29395900,none
29396200,none
29396300,none
29396900,none
29397200,none
29397900,none
29398000,none
29400060,none
29411010,none
29411020,none
29411030,none
29411050,none
29412010,none
29412050,none
29413000,none
29414000,none
29415000,none
29419010,none
29419030,none
29419050,none
29420005,none
29420035,none
29420050,none
30012000,none
30019001,none
30021200,none
30021300,none
30021400,none
30021500,none
30024100,none
30024200,none
30024900,none
30025100,none
30025900,none
30029010,none
30029052,none
30031000,none
30032000,none
30033910,none
30033950,none
30034100,none
30034200,none
30034900,none
30039001,none
30041010,none
30041050,none
30042000,none
30043100,none
30043200,none
30043900,none
30044100,none
30044200,none
30044900,none
30045010,none
30045020,none
30045030,none
30045040,none
30045050,none
30046000,none
30049010,none
30049092,none
30063010,none
30063050,none
30066000,none
30067000,none
30069310,none
30069320,none
30069350,none
30069360,none
30069380,none
31010000,none
31021000,none
31022100,none
31022900,none
31023000,none
31024000,none
31025000,none
31026000,none
31028000,none
31029001,none
31031100,none
31031900,none
31039001,none
31042000,none
31043000,none
31049001,none
31051000,none
31052000,none
31053000,none
31054000,none
31055100,none
31055900,none
31056000,none
31059000,none
32030080,none
32041380,none
32041720,none
32041800,none
32061100,none
32061900,none
33012951,none
34024210,none
34024220,none
34024290,none
36069030,none
38089410,none
38089450,none
38180000,none
38249100,none
38249929,none
38249949,none
38249955,none
39019090,none
39029000,none
39046100,none
39059110,none
39059980,none
39069050,none
39071000,none
39072100,none
39077000,none
39081000,none
39119025,none
39119091,none
39123100,none
39123900,none
39129000,none
39139020,none
39139050,none
39140060,none
39172100,gn6_civil_aircraft
39172200,gn6_civil_aircraft
39172300,gn6_civil_aircraft
39172900,gn6_civil_aircraft
39173100,gn6_civil_aircraft
39173300,gn6_civil_aircraft
39173900,gn6_civil_aircraft
39174000,gn6_civil_aircraft
39269045,gn6_civil_aircraft
39269094,gn6_civil_aircraft
39269096,gn6_civil_aircraft
39269099,gn6_civil_aircraft
40011000,none
40012100,none
40012200,none
40012900,none
40013000,none
40082920,gn6_civil_aircraft
40091200,gn6_civil_aircraft
40092200,gn6_civil_aircraft
40093200,gn6_civil_aircraft
40094200,gn6_civil_aircraft
40113000,gn6_civil_aircraft
40121300,gn6_civil_aircraft
40122010,gn6_civil_aircraft
40161000,gn6_civil_aircraft
40169350,gn6_civil_aircraft
40169935,gn6_civil_aircraft
40169960,gn6_civil_aircraft
40170000,gn6_civil_aircraft
44034200,none
44034902,none
44072100,none
44072200,none
44072301,none
44072500,none
44072600,none
44072700,none
44072800,none
44072902,none
44083101,none
44083902,none
45049000,gn6_civil_aircraft
47031100,none
47032100,none
47032900,none
48239010,gn6_civil_aircraft
48239020,gn6_civil_aircraft
48239031,gn6_civil_aircraft
48239040,gn6_civil_aircraft
48239050,gn6_civil_aircraft
48239060,gn6_civil_aircraft
48239067,gn6_civil_aircraft
48239070,gn6_civil_aircraft
48239080,gn6_civil_aircraft
48239086,gn6_civil_aircraft
68128090,gn6_civil_aircraft
68129910,gn6_civil_aircraft
68129920,gn6_civil_aircraft
68129990,gn6_civil_aircraft
68132000,gn6_civil_aircraft
68138100,gn6_civil_aircraft
68138900,gn6_civil_aircraft
70072111,gn6_civil_aircraft
71069110,none
71081100,none
71081210,none
71081250,none
71081310,none
71081355,none
71081370,none
71082000,none
71101100,none
71101900,none
71102100,none
71102900,none
71103100,none
71103900,none
71104100,none
71104900,none
71129201,none
71159005,none
71159030,none
71189000,none
72021110,none
72021150,none
72021910,none
72021950,none
72023000,none
72024100,none
72024910,none
72024950,none
72025000,none
72026000,none
72028000,none
72029100,none
72029340,none
72029380,none
72042100,none
73043130,gn6_civil_aircraft
73043160,gn6_civil_aircraft
73043900,gn6_civil_aircraft
73044130,gn6_civil_aircraft
73044160,gn6_civil_aircraft
73044900,gn6_civil_aircraft
73045110,gn6_civil_aircraft
73045150,gn6_civil_aircraft
73045910,gn6_civil_aircraft
73045920,gn6_civil_aircraft
73045960,gn6_civil_aircraft
73045980,gn6_civil_aircraft
73049010,gn6_civil_aircraft
73049030,gn6_civil_aircraft
73049050,gn6_civil_aircraft
73049070,gn6_civil_aircraft
73063010,gn6_civil_aircraft
73063030,gn6_civil_aircraft
73063050,gn6_civil_aircraft
73064010,gn6_civil_aircraft
73064050,gn6_civil_aircraft
73065010,gn6_civil_aircraft
73065030,gn6_civil_aircraft
73065050,gn6_civil_aircraft
73066110,gn6_civil_aircraft
73066130,gn6_civil_aircraft
73066150,gn6_civil_aircraft
73066170,gn6_civil_aircraft
73066910,gn6_civil_aircraft
73066930,gn6_civil_aircraft
73066950,gn6_civil_aircraft
73066970,gn6_civil_aircraft
73121005,gn6_civil_aircraft
73121010,gn6_civil_aircraft
73121020,gn6_civil_aircraft
73121030,gn6_civil_aircraft
73121050,gn6_civil_aircraft
73121060,gn6_civil_aircraft
73121070,gn6_civil_aircraft
73121080,gn6_civil_aircraft
73121090,gn6_civil_aircraft
73129000,gn6_civil_aircraft
73229000,gn6_civil_aircraft
73241000,gn6_civil_aircraft
73249000,gn6_civil_aircraft
73262000,gn6_civil_aircraft
74010000,none
74020000,none
74031100,none
74031200,none
74031300,none
74031900,none
74032100,none
74032200,none
74032901,none
74040030,none
74040060,none
74050010,none
74050060,none
74130090,gn6_civil_aircraft
75011000,none
75021000,none
75022000,none
75030000,none
75040000,none
75089050,none
76081000,gn6_civil_aircraft
76082000,gn6_civil_aircraft
79011100,none
79011210,none
79011250,none
79012000,none
79020000,none
79039030,none
79070060,none
80011000,none
80012000,none
80020000,none
80070050,none
81011000,none
81019700,none
81032000,none
81033000,none
81039100,none
81039900,none
81041100,none
81041900,none
81042000,none
81043000,none
81049000,none
81052030,none
81052060,none
81052090,none
81053000,none
81059000,none
81061000,none
81069000,none
81082000,none
81083000,none
81089030,none
81089060,none
81101000,none
81102000,none
81109000,none
81110047,none
81110049,none
81122100,none
81122200,none
81122900,none
81124110,none
81124150,none
81124900,none
81125900,none
81129210,none
81129230,none
81129240,none
81129260,none
81129265,none
81129910,none
81129991,none
83021060,gn6_civil_aircraft
83021090,gn6_civil_aircraft
83022000,gn6_civil_aircraft
83024230,gn6_civil_aircraft
83024260,gn6_civil_aircraft
83024940,gn6_civil_aircraft
83024960,gn6_civil_aircraft
83024980,gn6_civil_aircraft
83026030,gn6_civil_aircraft
83071030,gn6_civil_aircraft
83079030,gn6_civil_aircraft
84071000,gn6_civil_aircraft
84089090,gn6_civil_aircraft
84091000,gn6_civil_aircraft
84111140,gn6_civil_aircraft
84111180,gn6_civil_aircraft
84111240,gn6_civil_aircraft
84111280,gn6_civil_aircraft
84112140,gn6_civil_aircraft
84112180,gn6_civil_aircraft
84112240,gn6_civil_aircraft
84112280,gn6_civil_aircraft
84118140,gn6_civil_aircraft
84118240,gn6_civil_aircraft
84119110,gn6_civil_aircraft
84119190,gn6_civil_aircraft
84119910,gn6_civil_aircraft
84119990,gn6_civil_aircraft
84121000,gn6_civil_aircraft
84122100,gn6_civil_aircraft
84122940,gn6_civil_aircraft
84122980,gn6_civil_aircraft
84123100,gn6_civil_aircraft
84123900,gn6_civil_aircraft
84128010,gn6_civil_aircraft
84128090,gn6_civil_aircraft
84129090,gn6_civil_aircraft
84131900,gn6_civil_aircraft
84132000,gn6_civil_aircraft
84133010,gn6_civil_aircraft
84133090,gn6_civil_aircraft
84135000,gn6_civil_aircraft
84136000,gn6_civil_aircraft
84137010,gn6_civil_aircraft
84137020,gn6_civil_aircraft
84138100,gn6_civil_aircraft
84139110,gn6_civil_aircraft
84139120,gn6_civil_aircraft
84139190,gn6_civil_aircraft
84141000,gn6_civil_aircraft
84142000,gn6_civil_aircraft
84143040,gn6_civil_aircraft
84143080,gn6_civil_aircraft
84145130,gn6_civil_aircraft
84145190,gn6_civil_aircraft
84145930,gn6_civil_aircraft
84145965,gn6_civil_aircraft
84148005,gn6_civil_aircraft
84148016,gn6_civil_aircraft
84148020,gn6_civil_aircraft
84148090,gn6_civil_aircraft
84149010,gn6_civil_aircraft
84149030,gn6_civil_aircraft
84149041,gn6_civil_aircraft
84149091,gn6_civil_aircraft
84151060,gn6_civil_aircraft
84151090,gn6_civil_aircraft
84158101,gn6_civil_aircraft
84158201,gn6_civil_aircraft
84158300,gn6_civil_aircraft
84159040,gn6_civil_aircraft
84159080,gn6_civil_aircraft
84181000,gn6_civil_aircraft
84183000,gn6_civil_aircraft
84184000,gn6_civil_aircraft
84186101,gn6_civil_aircraft
84186901,gn6_civil_aircraft
84195010,gn6_civil_aircraft
84195050,gn6_civil_aircraft
84198150,gn6_civil_aircraft
84198190,gn6_civil_aircraft
84199010,gn6_civil_aircraft
84199020,gn6_civil_aircraft
84199030,gn6_civil_aircraft
84199050,gn6_civil_aircraft
84199085,gn6_civil_aircraft
84211900,gn6_civil_aircraft
84212100,gn6_civil_aircraft
84212300,gn6_civil_aircraft
84212900,gn6_civil_aircraft
84213100,gn6_civil_aircraft
84213200,gn6_civil_aircraft
84213901,gn6_civil_aircraft
84241000,gn6_civil_aircraft
84251100,gn6_civil_aircraft
84251900,gn6_civil_aircraft
84253101,gn6_civil_aircraft
84253901,gn6_civil_aircraft
84254200,gn6_civil_aircraft
84254900,gn6_civil_aircraft
84269900,gn6_civil_aircraft
84281000,gn6_civil_aircraft
84282000,gn6_civil_aircraft
84283300,gn6_civil_aircraft
84283900,gn6_civil_aircraft
84289003,gn6_civil_aircraft
84433100,gn6_civil_aircraft
84433210,gn6_civil_aircraft
84433250,gn6_civil_aircraft
84713001,none
84714101,none
84714900,none
84715001,none
84716010,none
84716020,none
84716070,none
84716080,none
84716090,none
84717010,none
84717020,none
84717030,none
84717040,none
84717050,none
84717060,none
84717090,none
84718010,none
84718040,none
84718090,none
84719000,none
84733011,none
84733020,none
84733051,none
84733091,none
84798910,gn6_civil_aircraft
84798920,gn6_civil_aircraft
84798965,gn6_civil_aircraft
84798970,gn6_civil_aircraft
84798995,gn6_civil_aircraft
84799041,gn6_civil_aircraft
84799045,gn6_civil_aircraft
84799055,gn6_civil_aircraft
84799065,gn6_civil_aircraft
84799075,gn6_civil_aircraft
84799085,gn6_civil_aircraft
84799095,gn6_civil_aircraft
84831010,gn6_civil_aircraft
84831030,gn6_civil_aircraft
84831050,gn6_civil_aircraft
84833040,gn6_civil_aircraft
84833080,gn6_civil_aircraft
84834010,gn6_civil_aircraft
84834030,gn6_civil_aircraft
84834050,gn6_civil_aircraft
84834070,gn6_civil_aircraft
84834080,gn6_civil_aircraft
84834090,gn6_civil_aircraft
84835040,gn6_civil_aircraft
84835060,gn6_civil_aircraft
84835090,gn6_civil_aircraft
84836040,gn6_civil_aircraft
84836080,gn6_civil_aircraft
84839010,gn6_civil_aircraft
84839020,gn6_civil_aircraft
84839030,gn6_civil_aircraft
84839050,gn6_civil_aircraft
84839080,gn6_civil_aircraft
84841000,gn6_civil_aircraft
84849000,gn6_civil_aircraft
84861000,none
84862000,none
84863000,none
84864000,none
84869000,none
85012050,gn6_civil_aircraft
85012060,gn6_civil_aircraft
85013150,gn6_civil_aircraft
85013160,gn6_civil_aircraft
85013181,gn6_civil_aircraft
85013220,gn6_civil_aircraft
85013255,gn6_civil_aircraft
85013261,gn6_civil_aircraft
85013320,gn6_civil_aircraft
85013330,gn6_civil_aircraft
85013361,gn6_civil_aircraft
85013461,gn6_civil_aircraft
85014050,gn6_civil_aircraft
85014060,gn6_civil_aircraft
85015150,gn6_civil_aircraft
85015160,gn6_civil_aircraft
85015240,gn6_civil_aircraft
85015280,gn6_civil_aircraft
85015340,gn6_civil_aircraft
85015360,gn6_civil_aircraft
85016101,gn6_civil_aircraft
85016201,gn6_civil_aircraft
85016301,gn6_civil_aircraft
85017100,gn6_civil_aircraft
85017210,gn6_civil_aircraft
85017220,gn6_civil_aircraft
85017230,gn6_civil_aircraft
85017290,gn6_civil_aircraft
85018010,gn6_civil_aircraft
85018020,gn6_civil_aircraft
85018030,gn6_civil_aircraft
85021100,gn6_civil_aircraft
85021200,gn6_civil_aircraft
85021300,gn6_civil_aircraft
85022000,gn6_civil_aircraft
85023100,gn6_civil_aircraft
85023900,gn6_civil_aircraft
85024000,gn6_civil_aircraft
85041000,gn6_civil_aircraft
85043120,gn6_civil_aircraft
85043140,gn6_civil_aircraft
85043160,gn6_civil_aircraft
85043200,gn6_civil_aircraft
85043300,gn6_civil_aircraft
85044040,gn6_civil_aircraft
85044060,gn6_civil_aircraft
85044070,gn6_civil_aircraft
85044085,gn6_civil_aircraft
85044095,gn6_civil_aircraft
85045040,gn6_civil_aircraft
85045080,gn6_civil_aircraft
85051100,none
85071000,gn6_civil_aircraft
85072080,gn6_civil_aircraft
85073080,gn6_civil_aircraft
85075000,gn6_civil_aircraft
85076000,gn6_civil_aircraft
85078082,gn6_civil_aircraft
85079040,gn6_civil_aircraft
85079080,gn6_civil_aircraft
85111000,gn6_civil_aircraft
85112000,gn6_civil_aircraft
85113000,gn6_civil_aircraft
85114000,gn6_civil_aircraft
85115000,gn6_civil_aircraft
85118020,gn6_civil_aircraft
85118040,gn6_civil_aircraft
85118060,gn6_civil_aircraft
85142040,gn6_civil_aircraft
85168040,gn6_civil_aircraft
85168080,gn6_civil_aircraft
85171300,none
85171400,gn6_civil_aircraft
85176100,gn6_civil_aircraft
85176200,none
85176900,gn6_civil_aircraft
85177100,gn6_civil_aircraft
85181040,gn6_civil_aircraft
85181080,gn6_civil_aircraft
85182100,gn6_civil_aircraft
85182200,gn6_civil_aircraft
85182940,gn6_civil_aircraft
85182980,gn6_civil_aircraft
85183010,gn6_civil_aircraft
85183020,gn6_civil_aircraft
85184010,gn6_civil_aircraft
85184020,gn6_civil_aircraft
85185000,gn6_civil_aircraft
85198110,gn6_civil_aircraft
85198120,gn6_civil_aircraft
85198125,gn6_civil_aircraft
85198130,gn6_civil_aircraft
85198141,gn6_civil_aircraft
85198910,gn6_civil_aircraft
85198920,gn6_civil_aircraft
85198930,gn6_civil_aircraft
85211030,gn6_civil_aircraft
85211060,gn6_civil_aircraft
85211090,gn6_civil_aircraft
85229025,gn6_civil_aircraft
85229036,gn6_civil_aircraft
85229045,gn6_civil_aircraft
85229058,gn6_civil_aircraft
85229065,gn6_civil_aircraft
85229080,gn6_civil_aircraft
85235100,none
85241110,none
85241190,none
85241200,none
85241900,none
85249110,none
85249190,none
85249200,none
85249900,none
85261000,gn6_civil_aircraft
85269100,gn6_civil_aircraft
85269210,gn6_civil_aircraft
85269250,gn6_civil_aircraft
85284200,gn6_civil_aircraft
85285200,none
85286200,gn6_civil_aircraft
85291021,gn6_civil_aircraft
85291040,gn6_civil_aircraft
85291091,gn6_civil_aircraft
85299004,gn6_civil_aircraft
85299005,gn6_civil_aircraft
85299006,gn6_civil_aircraft
85299009,gn6_civil_aircraft
85299013,gn6_civil_aircraft
85299016,gn6_civil_aircraft
85299019,gn6_civil_aircraft
85299021,gn6_civil_aircraft
85299024,gn6_civil_aircraft
85299029,gn6_civil_aircraft
85299033,gn6_civil_aircraft
85299036,gn6_civil_aircraft
85299039,gn6_civil_aircraft
85299043,gn6_civil_aircraft
85299046,gn6_civil_aircraft
85299049,gn6_civil_aircraft
85299055,gn6_civil_aircraft
85299063,gn6_civil_aircraft
85299068,gn6_civil_aircraft
85299073,gn6_civil_aircraft
85299077,gn6_civil_aircraft
85299078,gn6_civil_aircraft
85299081,gn6_civil_aircraft
85299083,gn6_civil_aircraft
85299087,gn6_civil_aircraft
85299088,gn6_civil_aircraft
85299089,gn6_civil_aircraft
85299093,gn6_civil_aircraft
85299095,gn6_civil_aircraft
85299097,gn6_civil_aircraft
85299098,gn6_civil_aircraft
85311000,gn6_civil_aircraft
85312000,gn6_civil_aircraft
85318015,gn6_civil_aircraft
85318090,gn6_civil_aircraft
85367000,gn6_civil_aircraft
85391000,gn6_civil_aircraft
85395100,gn6_civil_aircraft
85411000,none
85412100,none
85412900,none
85413000,none
85414100,none
85414910,none
85414970,none
85414980,none
85414995,none
85415100,none
85415900,none
85419000,none
85423100,none
85423200,none
85423300,none
85423900,none
85429000,none
85437042,gn6_civil_aircraft
85437045,gn6_civil_aircraft
85437060,gn6_civil_aircraft
85437080,gn6_civil_aircraft
85437091,gn6_civil_aircraft
85437095,gn6_civil_aircraft
85439012,gn6_civil_aircraft
85439015,gn6_civil_aircraft
85439035,gn6_civil_aircraft
85439065,gn6_civil_aircraft
85439068,gn6_civil_aircraft
85439085,gn6_civil_aircraft
85439088,gn6_civil_aircraft
85443000,gn6_civil_aircraft
88010000,gn6_civil_aircraft
88021101,gn6_civil_aircraft
88021201,gn6_civil_aircraft
88022001,gn6_civil_aircraft
88023001,gn6_civil_aircraft
88024001,gn6_civil_aircraft
88052900,gn6_civil_aircraft
88061000,gn6_civil_aircraft
88062100,gn6_civil_aircraft
88062200,gn6_civil_aircraft
88062300,gn6_civil_aircraft
88062400,gn6_civil_aircraft
88062900,gn6_civil_aircraft
88069100,gn6_civil_aircraft
88069200,gn6_civil_aircraft
88069300,gn6_civil_aircraft
88069400,gn6_civil_aircraft
88069900,gn6_civil_aircraft
88071000,gn6_civil_aircraft
88072000,gn6_civil_aircraft
88073000,gn6_civil_aircraft
88079090,gn6_civil_aircraft
90019040,gn6_civil_aircraft
90019050,gn6_civil_aircraft
90019060,gn6_civil_aircraft
90019080,gn6_civil_aircraft
90019090,gn6_civil_aircraft
90029020,gn6_civil_aircraft
90029040,gn6_civil_aircraft
90029070,gn6_civil_aircraft
90029085,gn6_civil_aircraft
90029095,gn6_civil_aircraft
90141010,gn6_civil_aircraft
90141060,gn6_civil_aircraft
90141070,gn6_civil_aircraft
90141090,gn6_civil_aircraft
90142020,gn6_civil_aircraft
90142040,gn6_civil_aircraft
90142060,gn6_civil_aircraft
90142080,gn6_civil_aircraft
90149010,gn6_civil_aircraft
90149020,gn6_civil_aircraft
90149040,gn6_civil_aircraft
90149060,gn6_civil_aircraft
90200040,gn6_civil_aircraft
90200060,gn6_civil_aircraft
90251120,gn6_civil_aircraft
90251140,gn6_civil_aircraft
90251940,gn6_civil_aircraft
90251980,gn6_civil_aircraft
90258010,gn6_civil_aircraft
90258015,gn6_civil_aircraft
90258020,gn6_civil_aircraft
90258035,gn6_civil_aircraft
90258040,gn6_civil_aircraft
90258050,gn6_civil_aircraft
90259006,gn6_civil_aircraft
90261020,gn6_civil_aircraft
90261040,gn6_civil_aircraft
90261060,gn6_civil_aircraft
90262040,gn6_civil_aircraft
90262080,gn6_civil_aircraft
90268020,gn6_civil_aircraft
90268040,gn6_civil_aircraft
90268060,gn6_civil_aircraft
90269020,gn6_civil_aircraft
90269040,gn6_civil_aircraft
90269060,gn6_civil_aircraft
90291080,gn6_civil_aircraft
90292040,gn6_civil_aircraft
90299080,gn6_civil_aircraft
90301000,gn6_civil_aircraft
90302005,gn6_civil_aircraft
90302010,gn6_civil_aircraft
90303100,gn6_civil_aircraft
90303200,gn6_civil_aircraft
90303334,gn6_civil_aircraft
90303338,gn6_civil_aircraft
90303901,gn6_civil_aircraft
90304000,gn6_civil_aircraft
90308400,gn6_civil_aircraft
90308901,gn6_civil_aircraft
90309025,gn6_civil_aircraft
90309046,gn6_civil_aircraft
90309066,gn6_civil_aircraft
90309068,gn6_civil_aircraft
90309084,gn6_civil_aircraft
90309089,gn6_civil_aircraft
90314970,gn6_civil_aircraft
90318040,gn6_civil_aircraft
90318080,gn6_civil_aircraft
90319021,gn6_civil_aircraft
90319045,gn6_civil_aircraft
90319054,gn6_civil_aircraft
90319059,gn6_civil_aircraft
90319070,gn6_civil_aircraft
90319091,gn6_civil_aircraft
90321000,gn6_civil_aircraft
90322000,gn6_civil_aircraft
90328100,gn6_civil_aircraft
90328920,gn6_civil_aircraft
90328940,gn6_civil_aircraft
90328960,gn6_civil_aircraft
90329021,gn6_civil_aircraft
90329041,gn6_civil_aircraft
90329061,gn6_civil_aircraft
90330090,gn6_civil_aircraft
91040005,gn6_civil_aircraft
91040010,gn6_civil_aircraft
91040020,gn6_civil_aircraft
91040025,gn6_civil_aircraft
91040030,gn6_civil_aircraft
91040040,gn6_civil_aircraft
91040045,gn6_civil_aircraft
91040050,gn6_civil_aircraft
91040060,gn6_civil_aircraft
91091050,gn6_civil_aircraft
91091060,gn6_civil_aircraft
91099020,gn6_civil_aircraft
94011040,gn6_civil_aircraft
94011080,gn6_civil_aircraft
94032000,gn6_civil_aircraft
94037040,gn6_civil_aircraft
94037080,gn6_civil_aircraft
94051140,gn6_civil_aircraft
94051160,gn6_civil_aircraft
94051180,gn6_civil_aircraft
94051940,gn6_civil_aircraft
94051960,gn6_civil_aircraft
94051980,gn6_civil_aircraft
94056120,gn6_civil_aircraft
94056140,gn6_civil_aircraft
94056160,gn6_civil_aircraft
94056920,gn6_civil_aircraft
94056940,gn6_civil_aircraft
94056960,gn6_civil_aircraft
94059200,gn6_civil_aircraft
94059920,gn6_civil_aircraft
94059940,gn6_civil_aircraft
96200050,gn6_civil_aircraft
96200060,gn6_civil_aircraft
98020040,none
98020050,none
98020060,none
98020080,none
98180005,none
98180007,none
