census_code,country_name,note_ref,first_revision
5310,Afghanistan,"U.S. note 41(c), ch99 subch III",2026_rev_16
4810,Albania,"U.S. note 41(c), ch99 subch III",2026_rev_16
7210,Algeria,"U.S. note 41(c), ch99 subch III",2026_rev_16
7620,Angola,"U.S. note 41(c), ch99 subch III",2026_rev_16
2484,Antigua and Barbuda,"U.S. note 41(c), ch99 subch III",2026_rev_16
4631,Armenia,"U.S. note 41(c), ch99 subch III",2026_rev_16
2779,Aruba,"U.S. note 41(c), ch99 subch III",2026_rev_16
6021,Australia,"U.S. note 41(c), ch99 subch III",2026_rev_16
4632,Azerbaijan,"U.S. note 41(c), ch99 subch III",2026_rev_16
2360,Bahamas,"U.S. note 41(c), ch99 subch III",2026_rev_16
2720,Barbados,"U.S. note 41(c), ch99 subch III",2026_rev_16
2080,Belize,"U.S. note 41(c), ch99 subch III",2026_rev_16
7610,Benin,"U.S. note 41(c), ch99 subch III",2026_rev_16
5682,Bhutan,"U.S. note 41(c), ch99 subch III",2026_rev_16
3350,Bolivia,"U.S. note 41(c), ch99 subch III",2026_rev_16
4793,Bosnia and Hercegovina,"U.S. note 41(c), ch99 subch III",2026_rev_16
7930,Botswana,"U.S. note 41(c), ch99 subch III",2026_rev_16
3510,Brazil,"U.S. note 41(c), ch99 subch III",2026_rev_16
2482,British Virgin Islands,"U.S. note 41(c), ch99 subch III",2026_rev_16
7600,Burkina Faso,"U.S. note 41(c), ch99 subch III",2026_rev_16
5460,Burma,"U.S. note 41(c), ch99 subch III",2026_rev_16
7670,Burundi,"U.S. note 41(c), ch99 subch III",2026_rev_16
5550,Cambodia,"U.S. note 41(c), ch99 subch III",2026_rev_16
7420,Cameroon,"U.S. note 41(c), ch99 subch III",2026_rev_16
1220,Canada,"U.S. note 41(c), ch99 subch III",2026_rev_16
7643,Cape Verde,"U.S. note 41(c), ch99 subch III",2026_rev_16
7540,Central African Republic,"U.S. note 41(c), ch99 subch III",2026_rev_16
7560,Chad,"U.S. note 41(c), ch99 subch III",2026_rev_16
3010,Colombia,"U.S. note 41(c), ch99 subch III",2026_rev_16
7890,Comoros,"U.S. note 41(c), ch99 subch III",2026_rev_16
7630,Congo (Brazzaville),"U.S. note 41(c), ch99 subch III",2026_rev_16
7660,Congo (Kinshasa),"U.S. note 41(c), ch99 subch III",2026_rev_16
2230,Costa Rica,"U.S. note 41(c), ch99 subch III",2026_rev_16
7480,Cote d'Ivoire,"U.S. note 41(c), ch99 subch III",2026_rev_16
2777,Curacao,"U.S. note 41(c), ch99 subch III",2026_rev_16
7770,Djibouti,"U.S. note 41(c), ch99 subch III",2026_rev_16
2486,Dominica,"U.S. note 41(c), ch99 subch III",2026_rev_16
2470,Dominican Republic,"U.S. note 41(c), ch99 subch III",2026_rev_16
3310,Ecuador,"U.S. note 41(c), ch99 subch III",2026_rev_16
7290,Egypt,"U.S. note 41(c), ch99 subch III",2026_rev_16
2110,El Salvador,"U.S. note 41(c), ch99 subch III",2026_rev_16
7741,Eritrea,"U.S. note 41(c), ch99 subch III",2026_rev_16
7950,Eswatini,"U.S. note 41(c), ch99 subch III",2026_rev_16
7749,Ethiopia,"U.S. note 41(c), ch99 subch III",2026_rev_16
6863,Fiji,"U.S. note 41(c), ch99 subch III",2026_rev_16
7550,Gabon,"U.S. note 41(c), ch99 subch III",2026_rev_16
7500,Gambia,"U.S. note 41(c), ch99 subch III",2026_rev_16
4633,Georgia,"U.S. note 41(c), ch99 subch III",2026_rev_16
7490,Ghana,"U.S. note 41(c), ch99 subch III",2026_rev_16
2489,Grenada,"U.S. note 41(c), ch99 subch III",2026_rev_16
2050,Guatemala,"U.S. note 41(c), ch99 subch III",2026_rev_16
7460,Guinea,"U.S. note 41(c), ch99 subch III",2026_rev_16
7642,Guinea-Bissau,"U.S. note 41(c), ch99 subch III",2026_rev_16
3120,Guyana,"U.S. note 41(c), ch99 subch III",2026_rev_16
2450,Haiti,"U.S. note 41(c), ch99 subch III",2026_rev_16
2150,Honduras,"U.S. note 41(c), ch99 subch III",2026_rev_16
5600,Indonesia,"U.S. note 41(c), ch99 subch III",2026_rev_16
5050,Iraq,"U.S. note 41(c), ch99 subch III",2026_rev_16
5081,Israel,"U.S. note 41(c), ch99 subch III",2026_rev_16
2410,Jamaica,"U.S. note 41(c), ch99 subch III",2026_rev_16
5110,Jordan,"U.S. note 41(c), ch99 subch III",2026_rev_16
4634,Kazakhstan,"U.S. note 41(c), ch99 subch III",2026_rev_16
7790,Kenya,"U.S. note 41(c), ch99 subch III",2026_rev_16
6226,Kiribati,"U.S. note 41(c), ch99 subch III",2026_rev_16
4803,Kosovo,"U.S. note 41(c), ch99 subch III",2026_rev_16
4635,Kyrgyzstan,"U.S. note 41(c), ch99 subch III",2026_rev_16
5040,Lebanon,"U.S. note 41(c), ch99 subch III",2026_rev_16
7990,Lesotho,"U.S. note 41(c), ch99 subch III",2026_rev_16
7650,Liberia,"U.S. note 41(c), ch99 subch III",2026_rev_16
7880,Madagascar,"U.S. note 41(c), ch99 subch III",2026_rev_16
7970,Malawi,"U.S. note 41(c), ch99 subch III",2026_rev_16
5683,Maldives,"U.S. note 41(c), ch99 subch III",2026_rev_16
7450,Mali,"U.S. note 41(c), ch99 subch III",2026_rev_16
7410,Mauritania,"U.S. note 41(c), ch99 subch III",2026_rev_16
7850,Mauritius,"U.S. note 41(c), ch99 subch III",2026_rev_16
2010,Mexico,"U.S. note 41(c), ch99 subch III",2026_rev_16
4641,Moldova,"U.S. note 41(c), ch99 subch III",2026_rev_16
5740,Mongolia,"U.S. note 41(c), ch99 subch III",2026_rev_16
4804,Montenegro,"U.S. note 41(c), ch99 subch III",2026_rev_16
2485,Montserrat,"U.S. note 41(c), ch99 subch III",2026_rev_16
7870,Mozambique,"U.S. note 41(c), ch99 subch III",2026_rev_16
7920,Namibia,"U.S. note 41(c), ch99 subch III",2026_rev_16
5360,Nepal,"U.S. note 41(c), ch99 subch III",2026_rev_16
2190,Nicaragua,"U.S. note 41(c), ch99 subch III",2026_rev_16
7510,Niger,"U.S. note 41(c), ch99 subch III",2026_rev_16
7530,Nigeria,"U.S. note 41(c), ch99 subch III",2026_rev_16
4794,North Macedonia,"U.S. note 41(c), ch99 subch III",2026_rev_16
5350,Pakistan,"U.S. note 41(c), ch99 subch III",2026_rev_16
2250,Panama,"U.S. note 41(c), ch99 subch III",2026_rev_16
6040,Papua New Guinea,"U.S. note 41(c), ch99 subch III",2026_rev_16
3530,Paraguay,"U.S. note 41(c), ch99 subch III",2026_rev_16
3330,Peru,"U.S. note 41(c), ch99 subch III",2026_rev_16
5650,Philippines,"U.S. note 41(c), ch99 subch III",2026_rev_16
7690,Rwanda,"U.S. note 41(c), ch99 subch III",2026_rev_16
2483,Saint Kitts and Nevis,"U.S. note 41(c), ch99 subch III",2026_rev_16
2487,Saint Lucia,"U.S. note 41(c), ch99 subch III",2026_rev_16
2488,Saint Vincent and the Grenadines,"U.S. note 41(c), ch99 subch III",2026_rev_16
6150,Samoa,"U.S. note 41(c), ch99 subch III",2026_rev_16
7644,Sao Tome and Principe,"U.S. note 41(c), ch99 subch III",2026_rev_16
7440,Senegal,"U.S. note 41(c), ch99 subch III",2026_rev_16
4801,Serbia,"U.S. note 41(c), ch99 subch III",2026_rev_16
7470,Sierra Leone,"U.S. note 41(c), ch99 subch III",2026_rev_16
5590,Singapore,"U.S. note 41(c), ch99 subch III",2026_rev_16
6223,Solomon Islands,"U.S. note 41(c), ch99 subch III",2026_rev_16
7700,Somalia,"U.S. note 41(c), ch99 subch III",2026_rev_16
7910,South Africa,"U.S. note 41(c), ch99 subch III",2026_rev_16
5800,South Korea,"U.S. note 41(c), ch99 subch III",2026_rev_16
7323,South Sudan,"U.S. note 41(c), ch99 subch III",2026_rev_16
5420,Sri Lanka,"U.S. note 41(c), ch99 subch III",2026_rev_16
3150,Suriname,"U.S. note 41(c), ch99 subch III",2026_rev_16
7830,Tanzania,"U.S. note 41(c), ch99 subch III",2026_rev_16
5601,Timor-Leste,"U.S. note 41(c), ch99 subch III",2026_rev_16
7520,Togo,"U.S. note 41(c), ch99 subch III",2026_rev_16
6864,Tonga,"U.S. note 41(c), ch99 subch III",2026_rev_16
2740,Trinidad and Tobago,"U.S. note 41(c), ch99 subch III",2026_rev_16
7230,Tunisia,"U.S. note 41(c), ch99 subch III",2026_rev_16
6227,Tuvalu,"U.S. note 41(c), ch99 subch III",2026_rev_16
7780,Uganda,"U.S. note 41(c), ch99 subch III",2026_rev_16
4623,Ukraine,"U.S. note 41(c), ch99 subch III",2026_rev_16
4644,Uzbekistan,"U.S. note 41(c), ch99 subch III",2026_rev_16
6224,Vanuatu,"U.S. note 41(c), ch99 subch III",2026_rev_16
5210,Yemen,"U.S. note 41(c), ch99 subch III",2026_rev_16
7940,Zambia,"U.S. note 41(c), ch99 subch III",2026_rev_16
7960,Zimbabwe,"U.S. note 41(c), ch99 subch III",2026_rev_16
