hts8,program,ch99_heading
22030000,alcohol,9903.03.12
22041000,alcohol,9903.03.12
22042120,alcohol,9903.03.12
22042130,alcohol,9903.03.12
22042150,alcohol,9903.03.12
22042160,alcohol,9903.03.12
22042180,alcohol,9903.03.12
22042220,alcohol,9903.03.12
22042240,alcohol,9903.03.12
22042260,alcohol,9903.03.12
22042280,alcohol,9903.03.12
22042961,alcohol,9903.03.12
22042981,alcohol,9903.03.12
22051030,alcohol,9903.03.12
22060015,alcohol,9903.03.12
22060030,alcohol,9903.03.12
22060045,alcohol,9903.03.12
22060060,alcohol,9903.03.12
22060090,alcohol,9903.03.12
22071030,alcohol,9903.03.12
22082010,alcohol,9903.03.12
22082020,alcohol,9903.03.12
22082030,alcohol,9903.03.12
22082040,alcohol,9903.03.12
22082050,alcohol,9903.03.12
22082060,alcohol,9903.03.12
22083030,alcohol,9903.03.12
22083060,alcohol,9903.03.12
22084020,alcohol,9903.03.12
22084040,alcohol,9903.03.12
22084060,alcohol,9903.03.12
22084080,alcohol,9903.03.12
22085000,alcohol,9903.03.12
22086010,alcohol,9903.03.12
22086020,alcohol,9903.03.12
22086050,alcohol,9903.03.12
22087000,alcohol,9903.03.12
22089010,alcohol,9903.03.12
22089012,alcohol,9903.03.12
22089014,alcohol,9903.03.12
22089015,alcohol,9903.03.12
22089020,alcohol,9903.03.12
22089025,alcohol,9903.03.12
22089030,alcohol,9903.03.12
22089035,alcohol,9903.03.12
22089040,alcohol,9903.03.12
22089050,alcohol,9903.03.12
22089072,alcohol,9903.03.12
22089075,alcohol,9903.03.12
33011910,alcohol,9903.03.12
44130000,alcohol,9903.03.12
44199091,alcohol,9903.03.12
44209080,alcohol,9903.03.12
44219160,alcohol,9903.03.12
44219170,alcohol,9903.03.12
46021980,alcohol,9903.03.12
48041100,alcohol,9903.03.12
48062000,alcohol,9903.03.12
48101319,alcohol,9903.03.12
48115960,alcohol,9903.03.12
48119080,alcohol,9903.03.12
48119090,alcohol,9903.03.12
95069925,alcohol,9903.03.12
04021005,dairy,9903.03.13
04021010,dairy,9903.03.13
04021050,dairy,9903.03.13
04022102,dairy,9903.03.13
04022105,dairy,9903.03.13
04022125,dairy,9903.03.13
04022127,dairy,9903.03.13
04022130,dairy,9903.03.13
04022150,dairy,9903.03.13
04022173,dairy,9903.03.13
04022175,dairy,9903.03.13
04022190,dairy,9903.03.13
04029103,dairy,9903.03.13
04029106,dairy,9903.03.13
04029968,dairy,9903.03.13
04041005,dairy,9903.03.13
04041008,dairy,9903.03.13
04041011,dairy,9903.03.13
04041015,dairy,9903.03.13
04041020,dairy,9903.03.13
04041048,dairy,9903.03.13
04041050,dairy,9903.03.13
04041090,dairy,9903.03.13
04049010,dairy,9903.03.13
04049028,dairy,9903.03.13
04049030,dairy,9903.03.13
04049050,dairy,9903.03.13
04049070,dairy,9903.03.13
05069000,dairy,9903.03.13
12102000,dairy,9903.03.13
13019091,dairy,9903.03.13
17021100,dairy,9903.03.13
17021900,dairy,9903.03.13
17023028,dairy,9903.03.13
17024028,dairy,9903.03.13
17026028,dairy,9903.03.13
17029035,dairy,9903.03.13
17029058,dairy,9903.03.13
17029068,dairy,9903.03.13
17031030,dairy,9903.03.13
17031050,dairy,9903.03.13
17039030,dairy,9903.03.13
17039050,dairy,9903.03.13
19012035,dairy,9903.03.13
22029100,dairy,9903.03.13
33012400,dairy,9903.03.13
35011010,dairy,9903.03.13
35011050,dairy,9903.03.13
35019020,dairy,9903.03.13
35019060,dairy,9903.03.13
35022000,dairy,9903.03.13
35040050,dairy,9903.03.13
04090000,motor_vehicles,9903.03.14
05051000,motor_vehicles,9903.03.14
05061000,motor_vehicles,9903.03.14
05079000,motor_vehicles,9903.03.14
05100040,motor_vehicles,9903.03.14
05119920,motor_vehicles,9903.03.14
05119933,motor_vehicles,9903.03.14
05119936,motor_vehicles,9903.03.14
05119940,motor_vehicles,9903.03.14
06011015,motor_vehicles,9903.03.14
06011030,motor_vehicles,9903.03.14
06011045,motor_vehicles,9903.03.14
06011060,motor_vehicles,9903.03.14
06011090,motor_vehicles,9903.03.14
06012010,motor_vehicles,9903.03.14
06021000,motor_vehicles,9903.03.14
06029020,motor_vehicles,9903.03.14
06029050,motor_vehicles,9903.03.14
06031100,motor_vehicles,9903.03.14
06031300,motor_vehicles,9903.03.14
06031400,motor_vehicles,9903.03.14
06031500,motor_vehicles,9903.03.14
06031901,motor_vehicles,9903.03.14
06039000,motor_vehicles,9903.03.14
06049010,motor_vehicles,9903.03.14
06049030,motor_vehicles,9903.03.14
06049060,motor_vehicles,9903.03.14
12091000,motor_vehicles,9903.03.14
12092220,motor_vehicles,9903.03.14
12092910,motor_vehicles,9903.03.14
12093000,motor_vehicles,9903.03.14
12099140,motor_vehicles,9903.03.14
12099180,motor_vehicles,9903.03.14
12099920,motor_vehicles,9903.03.14
12099941,motor_vehicles,9903.03.14
12101000,motor_vehicles,9903.03.14
12119020,motor_vehicles,9903.03.14
12119040,motor_vehicles,9903.03.14
12119089,motor_vehicles,9903.03.14
12119093,motor_vehicles,9903.03.14
12122100,motor_vehicles,9903.03.14
12129200,motor_vehicles,9903.03.14
12129992,motor_vehicles,9903.03.14
13012000,motor_vehicles,9903.03.14
13019040,motor_vehicles,9903.03.14
13021300,motor_vehicles,9903.03.14
13021941,motor_vehicles,9903.03.14
13021991,motor_vehicles,9903.03.14
13022000,motor_vehicles,9903.03.14
13023100,motor_vehicles,9903.03.14
13023200,motor_vehicles,9903.03.14
13023900,motor_vehicles,9903.03.14
14011000,motor_vehicles,9903.03.14
14019020,motor_vehicles,9903.03.14
14019040,motor_vehicles,9903.03.14
14042000,motor_vehicles,9903.03.14
14049040,motor_vehicles,9903.03.14
14049090,motor_vehicles,9903.03.14
19012025,motor_vehicles,9903.03.14
19012060,motor_vehicles,9903.03.14
19012070,motor_vehicles,9903.03.14
22089005,motor_vehicles,9903.03.14
22089080,motor_vehicles,9903.03.14
25010000,motor_vehicles,9903.03.14
25232900,motor_vehicles,9903.03.14
29054300,motor_vehicles,9903.03.14
29054400,motor_vehicles,9903.03.14
29054500,motor_vehicles,9903.03.14
29400020,motor_vehicles,9903.03.14
29400060,motor_vehicles,9903.03.14
32089000,motor_vehicles,9903.03.14
32149050,motor_vehicles,9903.03.14
32151990,motor_vehicles,9903.03.14
33011200,motor_vehicles,9903.03.14
33011300,motor_vehicles,9903.03.14
33011951,motor_vehicles,9903.03.14
33012500,motor_vehicles,9903.03.14
33012910,motor_vehicles,9903.03.14
33012920,motor_vehicles,9903.03.14
33012951,motor_vehicles,9903.03.14
33013000,motor_vehicles,9903.03.14
33019010,motor_vehicles,9903.03.14
33019050,motor_vehicles,9903.03.14
33021010,motor_vehicles,9903.03.14
33021020,motor_vehicles,9903.03.14
33021040,motor_vehicles,9903.03.14
33021050,motor_vehicles,9903.03.14
33021090,motor_vehicles,9903.03.14
33030030,motor_vehicles,9903.03.14
33041000,motor_vehicles,9903.03.14
33042000,motor_vehicles,9903.03.14
33043000,motor_vehicles,9903.03.14
33059000,motor_vehicles,9903.03.14
34060000,motor_vehicles,9903.03.14
35021100,motor_vehicles,9903.03.14
35029000,motor_vehicles,9903.03.14
35030040,motor_vehicles,9903.03.14
35030055,motor_vehicles,9903.03.14
35040010,motor_vehicles,9903.03.14
35051000,motor_vehicles,9903.03.14
35052000,motor_vehicles,9903.03.14
38112100,motor_vehicles,9903.03.14
38231100,motor_vehicles,9903.03.14
38231200,motor_vehicles,9903.03.14
38231300,motor_vehicles,9903.03.14
38231920,motor_vehicles,9903.03.14
38231940,motor_vehicles,9903.03.14
38237040,motor_vehicles,9903.03.14
38237060,motor_vehicles,9903.03.14
38246000,motor_vehicles,9903.03.14
38249939,motor_vehicles,9903.03.14
38249955,motor_vehicles,9903.03.14
38249993,motor_vehicles,9903.03.14
39077000,motor_vehicles,9903.03.14
39079950,motor_vehicles,9903.03.14
39181010,motor_vehicles,9903.03.14
39191020,motor_vehicles,9903.03.14
39199050,motor_vehicles,9903.03.14
39202000,motor_vehicles,9903.03.14
39211900,motor_vehicles,9903.03.14
39219050,motor_vehicles,9903.03.14
39231090,motor_vehicles,9903.03.14
39232100,motor_vehicles,9903.03.14
39233000,motor_vehicles,9903.03.14
39235000,motor_vehicles,9903.03.14
39241020,motor_vehicles,9903.03.14
39241040,motor_vehicles,9903.03.14
39249056,motor_vehicles,9903.03.14
39261000,motor_vehicles,9903.03.14
39263010,motor_vehicles,9903.03.14
39263050,motor_vehicles,9903.03.14
39264000,motor_vehicles,9903.03.14
39269099,motor_vehicles,9903.03.14
40169350,motor_vehicles,9903.03.14
40169915,motor_vehicles,9903.03.14
40169935,motor_vehicles,9903.03.14
41012010,motor_vehicles,9903.03.14
41012020,motor_vehicles,9903.03.14
41015020,motor_vehicles,9903.03.14
41019050,motor_vehicles,9903.03.14
41032030,motor_vehicles,9903.03.14
42010030,motor_vehicles,9903.03.14
42010060,motor_vehicles,9903.03.14
42021221,motor_vehicles,9903.03.14
42021281,motor_vehicles,9903.03.14
42021289,motor_vehicles,9903.03.14
42029215,motor_vehicles,9903.03.14
42029231,motor_vehicles,9903.03.14
42029250,motor_vehicles,9903.03.14
42029297,motor_vehicles,9903.03.14
42029910,motor_vehicles,9903.03.14
42029990,motor_vehicles,9903.03.14
42032940,motor_vehicles,9903.03.14
42033000,motor_vehicles,9903.03.14
42050080,motor_vehicles,9903.03.14
43019000,motor_vehicles,9903.03.14
43031000,motor_vehicles,9903.03.14
44011200,motor_vehicles,9903.03.14
44029001,motor_vehicles,9903.03.14
44079902,motor_vehicles,9903.03.14
44081001,motor_vehicles,9903.03.14
44091040,motor_vehicles,9903.03.14
44091050,motor_vehicles,9903.03.14
44091090,motor_vehicles,9903.03.14
44092991,motor_vehicles,9903.03.14
44101900,motor_vehicles,9903.03.14
44111320,motor_vehicles,9903.03.14
44111390,motor_vehicles,9903.03.14
44111420,motor_vehicles,9903.03.14
44111430,motor_vehicles,9903.03.14
44111490,motor_vehicles,9903.03.14
44121005,motor_vehicles,9903.03.14
44121090,motor_vehicles,9903.03.14
44123106,motor_vehicles,9903.03.14
44123126,motor_vehicles,9903.03.14
44123142,motor_vehicles,9903.03.14
44123145,motor_vehicles,9903.03.14
44123148,motor_vehicles,9903.03.14
44123152,motor_vehicles,9903.03.14
44123161,motor_vehicles,9903.03.14
44123192,motor_vehicles,9903.03.14
44123306,motor_vehicles,9903.03.14
44123326,motor_vehicles,9903.03.14
44123332,motor_vehicles,9903.03.14
44123357,motor_vehicles,9903.03.14
44123426,motor_vehicles,9903.03.14
44123432,motor_vehicles,9903.03.14
44123457,motor_vehicles,9903.03.14
44123910,motor_vehicles,9903.03.14
44123930,motor_vehicles,9903.03.14
44123940,motor_vehicles,9903.03.14
44123950,motor_vehicles,9903.03.14
44124100,motor_vehicles,9903.03.14
44124200,motor_vehicles,9903.03.14
44124900,motor_vehicles,9903.03.14
44125110,motor_vehicles,9903.03.14
44125131,motor_vehicles,9903.03.14
44125210,motor_vehicles,9903.03.14
44125231,motor_vehicles,9903.03.14
44125251,motor_vehicles,9903.03.14
44129106,motor_vehicles,9903.03.14
44129131,motor_vehicles,9903.03.14
44129141,motor_vehicles,9903.03.14
44129151,motor_vehicles,9903.03.14
44129207,motor_vehicles,9903.03.14
44129211,motor_vehicles,9903.03.14
44129231,motor_vehicles,9903.03.14
44129242,motor_vehicles,9903.03.14
44129252,motor_vehicles,9903.03.14
44129958,motor_vehicles,9903.03.14
44129961,motor_vehicles,9903.03.14
44129981,motor_vehicles,9903.03.14
44129991,motor_vehicles,9903.03.14
44129997,motor_vehicles,9903.03.14
44149000,motor_vehicles,9903.03.14
44182180,motor_vehicles,9903.03.14
44182980,motor_vehicles,9903.03.14
44201900,motor_vehicles,9903.03.14
44219970,motor_vehicles,9903.03.14
44219994,motor_vehicles,9903.03.14
44219998,motor_vehicles,9903.03.14
47020000,motor_vehicles,9903.03.14
48025510,motor_vehicles,9903.03.14
48030040,motor_vehicles,9903.03.14
48102910,motor_vehicles,9903.03.14
48109212,motor_vehicles,9903.03.14
48115120,motor_vehicles,9903.03.14
48115140,motor_vehicles,9903.03.14
48131000,motor_vehicles,9903.03.14
48142000,motor_vehicles,9903.03.14
48171000,motor_vehicles,9903.03.14
48183000,motor_vehicles,9903.03.14
48189000,motor_vehicles,9903.03.14
48191000,motor_vehicles,9903.03.14
48194000,motor_vehicles,9903.03.14
48195040,motor_vehicles,9903.03.14
48201020,motor_vehicles,9903.03.14
48203000,motor_vehicles,9903.03.14
48219040,motor_vehicles,9903.03.14
48236900,motor_vehicles,9903.03.14
48237000,motor_vehicles,9903.03.14
48239010,motor_vehicles,9903.03.14
48239067,motor_vehicles,9903.03.14
48239086,motor_vehicles,9903.03.14
49089000,motor_vehicles,9903.03.14
49119140,motor_vehicles,9903.03.14
50020000,motor_vehicles,9903.03.14
50030090,motor_vehicles,9903.03.14
51011160,motor_vehicles,9903.03.14
51032000,motor_vehicles,9903.03.14
52010005,motor_vehicles,9903.03.14
52010080,motor_vehicles,9903.03.14
52021000,motor_vehicles,9903.03.14
52029100,motor_vehicles,9903.03.14
52029950,motor_vehicles,9903.03.14
54075220,motor_vehicles,9903.03.14
55111000,motor_vehicles,9903.03.14
55121900,motor_vehicles,9903.03.14
56031200,motor_vehicles,9903.03.14
56031300,motor_vehicles,9903.03.14
56031490,motor_vehicles,9903.03.14
56039200,motor_vehicles,9903.03.14
56039490,motor_vehicles,9903.03.14
56075040,motor_vehicles,9903.03.14
57033920,motor_vehicles,9903.03.14
58063220,motor_vehicles,9903.03.14
59039025,motor_vehicles,9903.03.14
59039030,motor_vehicles,9903.03.14
59070060,motor_vehicles,9903.03.14
59119000,motor_vehicles,9903.03.14
60063100,motor_vehicles,9903.03.14
60063200,motor_vehicles,9903.03.14
60063300,motor_vehicles,9903.03.14
61044320,motor_vehicles,9903.03.14
61046320,motor_vehicles,9903.03.14
61091000,motor_vehicles,9903.03.14
61102020,motor_vehicles,9903.03.14
61103030,motor_vehicles,9903.03.14
61169388,motor_vehicles,9903.03.14
62014055,motor_vehicles,9903.03.14
62014060,motor_vehicles,9903.03.14
62024010,motor_vehicles,9903.03.14
62024055,motor_vehicles,9903.03.14
62024060,motor_vehicles,9903.03.14
62031190,motor_vehicles,9903.03.14
62033150,motor_vehicles,9903.03.14
62033190,motor_vehicles,9903.03.14
62034160,motor_vehicles,9903.03.14
62044340,motor_vehicles,9903.03.14
62044910,motor_vehicles,9903.03.14
62102050,motor_vehicles,9903.03.14
62104055,motor_vehicles,9903.03.14
62105055,motor_vehicles,9903.03.14
62113290,motor_vehicles,9903.03.14
62113390,motor_vehicles,9903.03.14
62114310,motor_vehicles,9903.03.14
63039220,motor_vehicles,9903.03.14
63053300,motor_vehicles,9903.03.14
63061200,motor_vehicles,9903.03.14
63061921,motor_vehicles,9903.03.14
63079098,motor_vehicles,9903.03.14
64039190,motor_vehicles,9903.03.14
65050060,motor_vehicles,9903.03.14
65061060,motor_vehicles,9903.03.14
67041900,motor_vehicles,9903.03.14
68091100,motor_vehicles,9903.03.14
68109900,motor_vehicles,9903.03.14
70109050,motor_vehicles,9903.03.14
70139990,motor_vehicles,9903.03.14
71023900,motor_vehicles,9903.03.14
71069210,motor_vehicles,9903.03.14
71131150,motor_vehicles,9903.03.14
71131929,motor_vehicles,9903.03.14
71131950,motor_vehicles,9903.03.14
71171990,motor_vehicles,9903.03.14
71181000,motor_vehicles,9903.03.14
72031000,motor_vehicles,9903.03.14
78011000,motor_vehicles,9903.03.14
81130000,motor_vehicles,9903.03.14
82013000,motor_vehicles,9903.03.14
82023100,motor_vehicles,9903.03.14
82024060,motor_vehicles,9903.03.14
82032060,motor_vehicles,9903.03.14
82033000,motor_vehicles,9903.03.14
82041100,motor_vehicles,9903.03.14
82041200,motor_vehicles,9903.03.14
82042000,motor_vehicles,9903.03.14
82052030,motor_vehicles,9903.03.14
82055980,motor_vehicles,9903.03.14
82060000,motor_vehicles,9903.03.14
82090000,motor_vehicles,9903.03.14
82121000,motor_vehicles,9903.03.14
83016000,motor_vehicles,9903.03.14
83030000,motor_vehicles,9903.03.14
83062900,motor_vehicles,9903.03.14
84101100,motor_vehicles,9903.03.14
84148005,motor_vehicles,9903.03.14
84185000,motor_vehicles,9903.03.14
84186901,motor_vehicles,9903.03.14
84194000,motor_vehicles,9903.03.14
84198995,motor_vehicles,9903.03.14
84219901,motor_vehicles,9903.03.14
84223091,motor_vehicles,9903.03.14
84224091,motor_vehicles,9903.03.14
84229091,motor_vehicles,9903.03.14
84243010,motor_vehicles,9903.03.14
84243090,motor_vehicles,9903.03.14
84264100,motor_vehicles,9903.03.14
84336000,motor_vehicles,9903.03.14
84384000,motor_vehicles,9903.03.14
84401000,motor_vehicles,9903.03.14
84425010,motor_vehicles,9903.03.14
84439130,motor_vehicles,9903.03.14
84798200,motor_vehicles,9903.03.14
85081900,motor_vehicles,9903.03.14
85171300,motor_vehicles,9903.03.14
85176100,motor_vehicles,9903.03.14
85176200,motor_vehicles,9903.03.14
85177900,motor_vehicles,9903.03.14
85219000,motor_vehicles,9903.03.14
85234940,motor_vehicles,9903.03.14
85234950,motor_vehicles,9903.03.14
85235100,motor_vehicles,9903.03.14
85235200,motor_vehicles,9903.03.14
85255030,motor_vehicles,9903.03.14
85255070,motor_vehicles,9903.03.14
85258100,motor_vehicles,9903.03.14
85258920,motor_vehicles,9903.03.14
85258930,motor_vehicles,9903.03.14
85258940,motor_vehicles,9903.03.14
85258950,motor_vehicles,9903.03.14
85261000,motor_vehicles,9903.03.14
85269100,motor_vehicles,9903.03.14
85269250,motor_vehicles,9903.03.14
85285200,motor_vehicles,9903.03.14
85285933,motor_vehicles,9903.03.14
85286200,motor_vehicles,9903.03.14
85286945,motor_vehicles,9903.03.14
85291040,motor_vehicles,9903.03.14
85291091,motor_vehicles,9903.03.14
85299013,motor_vehicles,9903.03.14
85299016,motor_vehicles,9903.03.14
85299021,motor_vehicles,9903.03.14
85299081,motor_vehicles,9903.03.14
85299087,motor_vehicles,9903.03.14
85340000,motor_vehicles,9903.03.14
85371091,motor_vehicles,9903.03.14
85437098,motor_vehicles,9903.03.14
85444930,motor_vehicles,9903.03.14
85447000,motor_vehicles,9903.03.14
87115000,motor_vehicles,9903.03.14
89059010,motor_vehicles,9903.03.14
89069000,motor_vehicles,9903.03.14
89079000,motor_vehicles,9903.03.14
90314990,motor_vehicles,9903.03.14
94013900,motor_vehicles,9903.03.14
94016960,motor_vehicles,9903.03.14
94017100,motor_vehicles,9903.03.14
94017900,motor_vehicles,9903.03.14
94019190,motor_vehicles,9903.03.14
94019910,motor_vehicles,9903.03.14
94032000,motor_vehicles,9903.03.14
94035090,motor_vehicles,9903.03.14
94036080,motor_vehicles,9903.03.14
94037080,motor_vehicles,9903.03.14
94039910,motor_vehicles,9903.03.14
94039920,motor_vehicles,9903.03.14
94039930,motor_vehicles,9903.03.14
94039940,motor_vehicles,9903.03.14
94039950,motor_vehicles,9903.03.14
94051160,motor_vehicles,9903.03.14
94051180,motor_vehicles,9903.03.14
94054260,motor_vehicles,9903.03.14
94054284,motor_vehicles,9903.03.14
94059940,motor_vehicles,9903.03.14
95030000,motor_vehicles,9903.03.14
95043000,motor_vehicles,9903.03.14
95045000,motor_vehicles,9903.03.14
95049040,motor_vehicles,9903.03.14
95051025,motor_vehicles,9903.03.14
95059060,motor_vehicles,9903.03.14
95063900,motor_vehicles,9903.03.14
95067040,motor_vehicles,9903.03.14
95067060,motor_vehicles,9903.03.14
95069100,motor_vehicles,9903.03.14
95069955,motor_vehicles,9903.03.14
95069960,motor_vehicles,9903.03.14
95071000,motor_vehicles,9903.03.14
97012100,motor_vehicles,9903.03.14
97019100,motor_vehicles,9903.03.14
97019900,motor_vehicles,9903.03.14
97029000,motor_vehicles,9903.03.14
97031000,motor_vehicles,9903.03.14
97039000,motor_vehicles,9903.03.14
97040000,motor_vehicles,9903.03.14
97051000,motor_vehicles,9903.03.14
97052900,motor_vehicles,9903.03.14
97053900,motor_vehicles,9903.03.14
97069000,motor_vehicles,9903.03.14
